anime,votes,votes_weight,genres,rate_1_stars,rate_1_stars,rate_2_stars,rate_3_stars,rate_4_stars,rate_5_stars,rate
Recovery of a MMO Junkie,308,1453,"seinen,drama,romance,slice of life",2,2,3,9,52,242,4.72
Inuyasha the Movie 4: Fire On the Mystic Island,0,0,"action,adventure,romance,fantasy",0,0,0,0,0,0,0.0
GRANBELM,34,134,mecha,4,4,2,3,8,17,3.94
Sea Prince and the Fire Child,4,18,"fantasy,romance,supernatural,drama",0,0,0,0,2,2,4.5
Asteroid in Love,12,54,"slice of life,comedy,romance",1,1,0,0,2,9,4.5
Sengoku Collection (Parallel World Samurai),122,514,"comedy,fantasy,historical",2,2,6,20,30,64,4.21
Late night! The Genius Bakabon,7,27,"comedy,slice of life",1,1,0,1,2,3,3.86
Love Lab,55,252,"comedy,romance",2,2,1,0,12,40,4.58
Tsugumomo,49,201,"comedy,romance,supernatural,harem,seinen",3,3,5,4,9,28,4.1
You and Me,420,1950,slice of life,12,12,3,20,53,332,4.64
MOBILE SUIT GUNDAM THE ORIGIN Advent of the Red Comet,16,75,"mecha,action,sci-fi",0,0,0,1,3,12,4.69
Ms. Vampire who lives in my neighborhood.,48,212,"slice of life,comedy,supernatural",0,0,1,5,15,27,4.42
Girly Air Force,43,170,"action,sci-fi",3,3,4,6,9,21,3.95
Anonymous Noise,7,33,"drama,romance,music",0,0,0,0,2,5,4.71
Interlude,87,362,mystery,3,3,5,11,24,44,4.16
Idol Incidents,7,24,"music,idols",0,0,2,1,3,1,3.43
Future Card Buddyfight,20,84,"action,sci-fi,shonen",2,2,0,2,4,12,4.2
Holmes of Kyoto,47,194,"romance,slice of life,drama,mystery",1,1,5,5,12,24,4.13
Saga of Tanya the Evil,403,1826,"action,adventure,historical,fantasy",16,16,13,14,58,302,4.53
Mushishi,166,810,"fantasy,adventure,slice of life,seinen,supernatural",1,1,1,0,13,151,4.88
Kemono Friends,69,300,"adventure,comedy,fantasy,post-apocalyptic",4,4,4,4,9,48,4.35
My Sweet Tyrant,39,160,"romance,comedy",3,3,2,4,9,21,4.1
The Ancient Magus' Bride,680,3254,"fantasy,romance,adventure,supernatural,drama,slice of life",5,5,13,20,47,595,4.79
He Was Anime (NFL's Mike Daniels),3,15,sports,0,0,0,0,0,3,5.0
Fight League: Gear Gadget Generators,18,56,"action,sci-fi,mecha",3,3,3,4,5,3,3.11
Anisong Station,6,27,"music,idols",0,0,1,0,0,5,4.5
Natsume Yuujinchou 6,37,184,"supernatural,slice of life,drama,fantasy",0,0,0,0,1,36,4.97
The Adventures of the Little Prince,0,0,"adventure,fantasy,drama,action",0,0,0,0,0,0,0.0
SSSS.GRIDMAN,52,218,"action,sci-fi,mecha,drama",2,2,4,7,8,31,4.19
Princess Nine,10,46,"sports,action,drama",0,0,1,0,1,8,4.6
Koihime Musou,1979,9406,"action,adventure",28,28,11,56,232,1652,4.75
Qualidea Code,59,206,"action,supernatural",7,7,8,12,13,19,3.49
Sound of the Sky,817,3872,"adventure,drama,slice of life,music,post-apocalyptic",5,5,3,25,134,650,4.74
Black Jack,842,3969,"drama,adventure",26,26,8,15,83,710,4.71
A Centaur's Life,73,242,"seinen,fantasy,romance,comedy,slice of life",9,9,14,10,25,15,3.32
Tofugu,2,9,,0,0,0,0,1,1,4.5
The Tower of DRUAGA -the Aegis of URUK-,2247,10678,"adventure,comedy,fantasy",41,41,15,50,248,1893,4.75
Our Home's Fox Deity,11,45,"comedy,fantasy,slice of life,drama,supernatural",0,0,0,2,6,3,4.09
Folktales from Japan,94,448,historical,1,1,0,2,14,77,4.77
Natsuyuki Rendezvous,101,404,"romance,supernatural",4,4,5,21,28,43,4.0
Little Busters!,77,338,"drama,comedy,slice of life",4,4,4,2,15,52,4.39
Kiitaro's yokai picture diary,8,34,"fantasy,comedy,supernatural",1,1,0,0,2,5,4.25
SHELTER,120,580,"music,drama,sci-fi,post-apocalyptic,adventure",3,3,0,1,6,110,4.83
Naruto the Movie: Legend of the Stone of Gelel,1,5,shonen,0,0,0,0,0,1,5.0
As Miss Beelzebub Likes it.,50,198,"comedy,fantasy,romance,slice of life",4,4,3,11,5,27,3.96
Dragon Crisis,1514,7126,"action,fantasy,harem",6,6,14,63,252,1179,4.71
Thunderbolt Fantasy,95,445,"historical,fantasy,action,drama",4,4,0,1,12,78,4.68
Taisho Mebiusline Chicchaisan,16,33,"historical,adventure,supernatural",8,8,2,3,3,0,2.06
Hinomaru Sumo,69,325,"sports,shonen,action",1,1,4,1,2,61,4.71
Usagi Drop,1402,6850,"drama,comedy,slice of life",6,6,0,15,106,1275,4.89
Fantastic Detective Labyrinth,3,9,"action,supernatural,mystery",0,0,1,1,1,0,3.0
Strait Jacket,2,9,,0,0,0,0,1,1,4.5
Ushio and Tora,141,644,"action,fantasy,shonen,adventure,supernatural",1,1,3,13,22,102,4.57
Is It Wrong to Try to Pick Up Girls in a Dungeon?,947,4374,"adventure,comedy,fantasy,romance,harem",26,26,25,41,100,755,4.62
Phantom in the Twilight,26,93,"supernatural,romance,fantasy,drama,thriller",1,1,4,7,7,7,3.58
NINJA SLAYER FROM ANIMATION,10,35,"action,sci-fi,comedy,shonen",3,3,0,0,3,4,3.5
The Ryuo's Work is Never Done!,52,195,,8,8,3,5,14,22,3.75
Occult Academy,1273,5833,"supernatural,adventure",10,10,13,69,315,866,4.58
Saint Seiya The Lost Canvas,796,3774,"action,adventure,fantasy",5,5,2,28,124,637,4.74
Jungle Emperor Leo,1,5,"adventure,fantasy",0,0,0,0,0,1,5.0
Witch Craft Works,153,662,"fantasy,supernatural,seinen,action",3,3,7,18,34,91,4.33
The Eccentric Family,58,271,"comedy,drama,fantasy,supernatural,slice of life",0,0,3,1,8,46,4.67
Dai-Shogun - Great Revolution,52,120,"action,mecha,sci-fi,historical,harem",21,21,9,11,7,4,2.31
Fate/kaleid liner PRISMA ILLYA,87,356,"fantasy,action,supernatural,magical girls",10,10,4,6,15,52,4.09
AKB0048,78,365,"fantasy,action,adventure,sci-fi,drama,music,idols",2,2,1,4,6,65,4.68
Doctor's Affairs,5,21,,0,0,0,1,2,2,4.2
The World God Only Knows,3443,16430,"comedy,harem,romance",13,13,18,97,485,2830,4.77
Junjo Romantica,28,134,"drama,romance",0,0,1,1,1,25,4.79
"Love, Chunibyo & Other Delusions",107,517,"slice of life,comedy,drama,romance",0,0,0,0,18,89,4.83
La Corda d'Oro ~primo passo~ and ~secondo passo~,9555,46479,"romance,music,harem",71,71,26,148,638,8672,4.86
Zombie Loan,10,35,"action,supernatural,romance,thriller",0,0,1,4,4,1,3.5
18if,45,159,"supernatural,fantasy",6,6,4,11,8,16,3.53
My Hero Academia,1023,4913,"action,fantasy,shonen",16,16,10,23,62,912,4.8
Demonbane,350,1576,mecha,8,8,5,25,77,235,4.5
Super Sonico - The Animation,62,208,"slice of life,music,drama",12,12,8,10,10,22,3.35
Hiiro no Kakera,426,1786,"fantasy,romance",22,22,35,44,63,262,4.19
Ahiru no Sora,46,199,"sports,shonen",2,2,5,2,4,33,4.33
God Mars,1,3,"action,adventure,sci-fi,mecha",0,0,0,1,0,0,3.0
Tsurune,48,226,"drama,sports,slice of life",0,0,0,1,12,35,4.71
Myself; Yourself,4588,22000,"romance,drama,slice of life",47,47,24,120,440,3957,4.8
EVIL OR LIVE,67,191,"seinen,drama,thriller",20,20,9,13,11,14,2.85
Yowamushi Pedal,133,637,"sports,shonen,action,drama",1,1,1,1,19,111,4.79
The Pilot's Love Song,50,214,"adventure,romance,drama,action",1,1,3,5,13,28,4.28
Please tell me! Galko-chan,65,285,"comedy,slice of life",0,0,1,6,25,33,4.38
Cardcaptor Sakura: Clear Card,65,299,"adventure,comedy,shojo,magical girls",2,2,3,2,5,53,4.6
Mr. Osomatsu,89,419,"comedy,slice of life",3,3,2,1,6,77,4.71
Pan de Peace!,24,78,"comedy,slice of life",2,2,4,7,8,3,3.25
Kimagure Orange Road,7,35,"action,comedy,drama,romance,supernatural",0,0,0,0,0,7,5.0
Magimoji Rurumo,37,161,"supernatural,comedy",2,2,0,3,10,22,4.35
Captain Harlock,255,1175,"action,drama",11,11,3,5,37,199,4.61
La storia della Arcana Famiglia,110,364,,20,20,17,22,11,40,3.31
CLIF,4,15,"sgdrama,action,thriller",1,1,0,0,1,2,3.75
Planet With,47,215,"seinen,sci-fi,action,drama,comedy,mecha",0,0,1,5,7,34,4.57
Military!,20,64,comedy,5,5,3,3,1,8,3.2
Symphogear,43,199,"action,adventure,sci-fi,music,idols",0,0,3,2,3,35,4.63
My First Girlfriend is a Gal,175,598,"romance,comedy,slice of life,harem",33,33,16,22,53,51,3.42
The Lost Village,148,458,"comedy,thriller,mystery,supernatural",23,23,27,33,43,22,3.09
Yu-Gi-Oh! VRAINS,58,242,"shonen,sci-fi,action",9,9,1,3,3,42,4.17
Gargantia on the Verdurous Planet,316,1445,"action,adventure,mecha,fantasy,sci-fi,drama",2,2,4,25,65,220,4.57
Hinako Note,29,114,"comedy,slice of life",0,0,3,5,12,9,3.93
Mischievous Kiss - Love in Tokyo,73,329,,2,2,1,4,17,49,4.51
Yona of the Dawn,486,2327,"fantasy,adventure,shojo,romance,supernatural",3,3,4,14,51,414,4.79
Canvas 2: Niji Iro no Sketch,235,1077,harem,8,8,1,10,43,173,4.58
Kamisama Hajimemashita,49,240,"comedy,romance,supernatural",0,0,0,1,3,45,4.9
The Dragon Lives,0,0,"martial arts,action",0,0,0,0,0,0,0.0
KING OF PRISM -Shiny Seven Stars-,11,46,"music,sports,idols",2,2,0,0,1,8,4.18
Yurumates3Dei,55,239,"slice of life,comedy",0,0,4,8,8,35,4.35
SENGOKU NIGHT BLOOD,59,171,"shojo,action,fantasy,thriller,isekai,romance,harem,supernatural,historical",19,19,6,8,14,12,2.9
"Diabolik Lovers II MORE,BLOOD",52,184,"romance,supernatural,drama,harem",10,10,3,11,5,23,3.54
ZOMBIE LAND SAGA,181,815,"comedy,music,supernatural,idols,drama",6,6,8,6,30,131,4.5
Yamishibai,94,412,"supernatural,thriller,mystery",2,2,4,4,30,54,4.38
Kaasan Mom's Life,1201,5634,"comedy,slice of life",33,33,8,37,141,982,4.69
K,3,15,,0,0,0,0,0,3,5.0
Trickster,34,111,,4,4,8,6,7,9,3.26
"WATAMOTE ~No Matter How I Look at It, It’s You Guys Fault I’m Not Popular!~",220,972,"comedy,slice of life,shonen",8,8,11,10,43,148,4.42
Kakuriyo -Bed & Breakfast for Spirits-,102,495,"drama,supernatural,romance",0,0,0,3,9,90,4.85
Jubei-chan: The Ninja Girl,8,28,"action,adventure,drama,comedy,shonen",1,1,1,2,1,3,3.5
KIZNAIVER,219,913,"drama,romance,sci-fi",9,9,16,22,54,118,4.17
Ghost Slayers Ayashi,7,31,"adventure,drama,supernatural,historical",0,0,0,0,4,3,4.43
DYNAMIC CHORD,2,2,"music,idols",2,2,0,0,0,0,1.0
Demon Slayer: Kimetsu no Yaiba,816,3976,"action,supernatural,drama",3,3,7,18,35,753,4.87
Koro Sensei Quest!,12,51,"comedy,fantasy,shonen",1,1,0,2,1,8,4.25
Samurai Warriors,18,68,"action,historical,fantasy",0,0,3,4,5,6,3.78
Hero,19,92,,0,0,0,0,3,16,4.84
EAT-MAN,4,11,"sci-fi,action,adventure",0,0,3,0,0,1,2.75
Wolf Girl and Black Prince,170,671,"romance,shojo,comedy,slice of life",12,12,22,12,41,83,3.95
Code: Realize ~Guardian of Rebirth~,26,97,"romance,mystery,harem",1,1,5,4,6,10,3.73
Norn9,5,14,"sci-fi,action,adventure,historical",2,2,1,0,0,2,2.8
Captain Earth,53,181,"mecha,sci-fi,action,romance",5,5,10,11,12,15,3.42
Yu-Gi-Oh! ARC-V,23,106,"shonen,adventure,supernatural,fantasy",0,0,0,3,3,17,4.61
Angel's 3Piece!,25,93,"slice of life,comedy,music",2,2,2,6,6,9,3.72
We Rent Tsukumogami,10,50,"fantasy,drama,romance,supernatural,historical",0,0,0,0,0,10,5.0
Death March to the Parallel World Rhapsody,358,1350,"adventure,slice of life,fantasy,romance,harem,isekai",40,40,45,41,63,169,3.77
Myriad Colors Phantom World,120,466,"fantasy,slice of life",7,7,12,18,34,49,3.88
Nyarko-san: Another Crawling Chaos,364,1628,"comedy,romance",16,16,8,28,48,264,4.47
Joshi Kausei,36,117,"slice of life,comedy",6,6,5,7,10,8,3.25
Psybuster,0,0,"adventure,sci-fi,mecha,shonen,post-apocalyptic,mystery",0,0,0,0,0,0,0.0
Battle Girls - Time Paradox,649,2969,historical,10,10,6,42,134,457,4.57
Hitori No Shita - The Outcast,87,340,"action,supernatural",9,9,6,12,17,43,3.91
Mischievous Kiss - The Movie,0,0,romance,0,0,0,0,0,0,0.0
Bananya,66,301,"comedy,slice of life",3,3,2,2,7,52,4.56
My Love Story!!,388,1892,"drama,romance,comedy,slice of life",1,1,1,9,23,354,4.88
Ultraman Nexus,6,21,,2,2,0,0,1,3,3.5
Sakura Trick,76,340,"romance,comedy,slice of life",1,1,5,3,15,52,4.47
Starmyu,11,48,"music,comedy,slice of life,idols",1,1,0,0,3,7,4.36
Million Doll,7,17,"music,idols",1,1,3,2,1,0,2.43
Walkure Romanze,53,178,"romance,harem,sports,action,drama",5,5,12,11,9,16,3.36
The Twelve Kingdoms,20,97,"fantasy,adventure,historical,isekai",0,0,0,1,1,18,4.85
BONO BONO,12,59,"comedy,slice of life",0,0,0,0,1,11,4.92
Brave Beats,7,31,"sci-fi,music",0,0,1,0,1,5,4.43
Yu-Gi-Oh! GX,24,103,"shonen,supernatural,action,fantasy,adventure",3,3,0,1,3,17,4.29
Humanity Has Declined,93,412,comedy,3,3,3,4,24,59,4.43
PERSONA5 the Animation,89,351,"thriller,supernatural,mystery,action",7,7,8,12,18,44,3.94
Welcome to Demon School! Iruma-kun,156,746,"comedy,supernatural",2,2,2,5,10,137,4.78
Diabolik Lovers,516,1540,"romance,supernatural,drama,harem",169,169,58,60,70,159,2.98
ASSASSINS PRIDE,178,565,"fantasy,action",43,43,22,29,29,55,3.17
Lilpri,1323,6342,"music,comedy,fantasy",14,14,3,36,136,1134,4.79
Forget Me Not,3,14,romance,0,0,0,0,1,2,4.67
Mononoke,48,232,"supernatural,action,thriller,mystery",0,0,1,0,5,42,4.83
Muromi-san,29,136,"fantasy,comedy,adventure",0,0,1,1,4,23,4.69
Pop Team Epic,108,423,"comedy,action",20,20,4,6,13,65,3.92
Phantasy Star Online 2 The Animation,58,198,"fantasy,sci-fi,action,adventure",8,8,9,11,11,19,3.41
REBORN!,12542,61262,,114,114,47,132,587,11662,4.88
Naked Wolves,85,221,"sports,comedy",44,44,2,9,4,26,2.6
Chiruran 1/2,2,7,"comedy,slice of life",0,0,0,1,1,0,3.5
Dog & Scissors,91,358,"comedy,supernatural",7,7,8,14,17,45,3.93
The Helpful Fox Senko-san,72,347,"slice of life,supernatural,comedy",1,1,1,1,4,65,4.82
Donyatsu,15,65,"comedy,post-apocalyptic",1,1,1,0,3,10,4.33
Robot Carnival,2,10,"sci-fi,fantasy,drama,post-apocalyptic",0,0,0,0,0,2,5.0
DAKAICHI -I'm being harassed by the sexiest man of the year-,93,399,romance,12,12,3,2,5,71,4.29
HaNaYaMaTa,57,261,"slice of life,comedy,seinen",1,1,0,4,12,40,4.58
Aooni The Blue Monster,22,70,"comedy,thriller,supernatural",4,4,4,4,4,6,3.18
The Rising of the Shield Hero,1401,6613,"fantasy,action,adventure,isekai,drama,seinen",36,36,27,41,85,1212,4.72
This Boy is a Professional Wizard,39,173,"fantasy,romance,adventure",0,0,0,5,12,22,4.44
Space Warrior Baldios,0,0,"action,adventure,sci-fi,drama,mecha,post-apocalyptic",0,0,0,0,0,0,0.0
Blue Submarine No. 6,17,59,"action,sci-fi,drama",3,3,1,3,5,5,3.47
SNACK WORLD,1,2,,0,0,1,0,0,0,2.0
A Destructive God Sits Next to Me,25,88,"comedy,slice of life",5,5,2,4,3,11,3.52
Sanrio Boys,37,163,"comedy,shojo,slice of life",0,0,2,5,6,24,4.41
White Album,348,1496,"drama,harem,music,romance,seinen",23,23,11,27,65,222,4.3
DEVIL SURVIVOR 2 THE ANIMATION,70,267,"action,supernatural",4,4,8,14,15,29,3.81
TERRAFORMARS,296,980,"sci-fi,thriller,action,seinen",74,74,30,36,42,114,3.31
Darwin's Game,31,151,,0,0,0,1,2,28,4.87
MOBILE SUIT GUNDAM 00,37,174,"mecha,action,sci-fi",0,0,0,3,5,29,4.7
Akame ga Kill!,767,3276,"action,adventure,fantasy,drama",38,38,39,68,154,468,4.27
Eureka Seven,30,146,"sci-fi,adventure,drama,romance,mecha",0,0,0,1,2,27,4.87
Million Arthur,9,27,"fantasy,adventure",1,1,4,1,0,3,3.0
Chihayafuru,1050,5071,,9,9,4,21,89,927,4.83
Onimusha: Dawn of Dreams,5,8,"action,fantasy,supernatural,historical",3,3,1,1,0,0,1.6
Toriko,50,221,"adventure,fantasy,shonen",1,1,4,3,7,35,4.42
Lovely Muuuuuuuco!,45,184,"slice of life,comedy",6,6,2,0,11,26,4.09
Familiar of Zero F,448,2063,"adventure,fantasy,comedy,drama,romance,harem,isekai",12,12,5,19,76,336,4.6
Bloodivores,94,227,"action,supernatural",42,42,11,13,16,12,2.41
Nisekoi,293,1253,"slice of life,comedy,romance,shonen",12,12,14,31,60,176,4.28
Zapuni,7,34,,0,0,0,0,1,6,4.86
NG Knight Lamune & 40,1,5,"adventure,fantasy,comedy,isekai,romance",0,0,0,0,0,1,5.0
Time of Eve,3864,18819,,24,24,9,42,294,3495,4.87
Komori-san Can't Decline!,36,120,"slice of life,comedy",3,3,4,14,8,7,3.33
ACCA: 13-Territory Inspection Dept.,63,292,"adventure,drama,thriller,sci-fi,mystery",0,0,2,3,11,47,4.63
The Master of Ragnarok & Blesser of Einherjar,217,500,"fantasy,adventure,harem,isekai",99,99,36,30,21,31,2.3
FOREST FAIRY FIVE,20,44,fantasy,12,12,1,2,1,4,2.2
The Irresponsible Galaxy Tylor,18,26,"comedy,sci-fi,adventure",14,14,1,2,1,0,1.44
Angel Beats,521,2441,"action,comedy,drama,fantasy,romance",4,4,7,26,75,409,4.69
Love Live! Sunshine!!,45,206,"music,slice of life,comedy,drama,idols",0,0,1,3,10,31,4.58
Room Mate,36,92,"romance,slice of life,harem",13,13,5,9,3,6,2.56
Tegami Bachi Letter Bee,3593,17363,"drama,slice of life,supernatural",6,6,11,75,395,3106,4.83
Nyanko Days,34,149,"comedy,slice of life",1,1,1,4,6,22,4.38
Hyakko,956,4491,comedy,22,22,9,25,124,776,4.7
Mobile Suit Gundam Seed,30,124,"mecha,action,sci-fi",3,3,1,4,3,19,4.13
Makeruna!! Aku no Gundan!,3,12,"comedy,sci-fi,shonen",0,0,1,0,0,2,4.0
Tribe Cool Crew,15,64,"sports,comedy,action,slice of life",1,1,0,1,5,8,4.27
Gankutsuou,741,3516,,11,11,10,17,81,622,4.74
Otome Yokai Zakuro,1326,6331,"action,historical,romance",5,5,2,40,193,1086,4.77
Interviews with Monster Girls,149,695,"comedy,slice of life,seinen,supernatural",1,1,1,8,27,112,4.66
Os Cavaleiros do Zodíaco - Saga de Hades,13,59,,0,0,1,1,1,10,4.54
Kids on the Slope,465,2271,,1,1,3,5,31,425,4.88
Another,1858,8745,mystery,21,21,16,64,285,1472,4.71
Katsugeki TOUKEN RANBU,37,141,"action,fantasy,historical",3,3,8,3,2,21,3.81
Mahou Shoujo? Naria Girls,20,51,"comedy,fantasy,shojo",10,10,0,3,3,4,2.55
Fate/Grand Order -MOONLIGHT/LOSTROOM-,4,20,fantasy,0,0,0,0,0,4,5.0
Are You Lost?,51,199,comedy,3,3,4,9,14,21,3.9
Hand Shakers,98,272,"action,sci-fi",37,37,12,10,14,25,2.78
Luck & Logic,2,9,"action,fantasy,sci-fi",0,0,0,0,1,1,4.5
Monogatari S2,56,274,"comedy,supernatural,drama,action,harem,fantasy,thriller",0,0,1,0,3,52,4.89
Crossing Time,14,54,"romance,comedy,slice of life",1,1,0,3,6,4,3.86
MEGANEBU!,36,131,"comedy,slice of life",2,2,7,6,8,13,3.64
SHIROBAKO,111,538,,0,0,0,2,13,96,4.85
BLEACH,23897,115433,,391,391,98,370,1454,21584,4.83
Hina Logic - from Luck & Logic,10,43,"comedy,fantasy,action",0,0,0,2,3,5,4.3
Rio Rainbow Gate,541,2408,,24,24,12,32,101,372,4.45
RWBY,760,3065,,82,82,58,49,135,436,4.03
Sparrow's Hotel,33,105,"comedy,seinen,action,slice of life",8,8,3,4,11,7,3.18
Future Diary: Another World,24,97,,3,3,1,2,4,14,4.04
Aoharu x Machinegun,86,383,"action,comedy,drama",2,2,3,8,14,59,4.45
Sarazanmai,77,342,"drama,supernatural,thriller,mystery",6,6,2,3,7,59,4.44
Hana Yori Dango (Boys Over Flowers),6,24,"shojo,romance",0,0,1,1,1,3,4.0
Chrono Crusade,9,38,"action,fantasy,adventure,supernatural,romance,drama",0,0,0,1,5,3,4.22
CARDFIGHT!! VANGUARD,4,20,action,0,0,0,0,0,4,5.0
Run with the Wind,167,826,"sports,drama,shonen,slice of life",0,0,0,1,7,159,4.95
Beyond the Boundary,255,1109,"supernatural,fantasy,drama,comedy",7,7,9,26,59,154,4.35
Shugo Chara,33688,163641,,503,503,104,438,1599,31044,4.86
Toward the Terra,3,14,"sci-fi,drama,supernatural,post-apocalyptic,shonen",0,0,0,0,1,2,4.67
GATE,479,2076,"action,fantasy,adventure,seinen",20,20,29,39,74,317,4.33
Kaiba,12,60,"adventure,sci-fi,drama,fantasy,romance",0,0,0,0,0,12,5.0
Sunday Without God,148,657,"adventure,fantasy,drama,mystery,post-apocalyptic,supernatural",2,2,5,17,26,98,4.44
Rewrite,56,197,"romance,fantasy,action,drama",7,7,7,9,16,17,3.52
MYSTERIA Friends,57,203,"fantasy,slice of life",6,6,11,7,11,22,3.56
DOUBLE DECKER! DOUG & KIRILL,32,137,"action,seinen,drama,sci-fi",0,0,2,3,11,16,4.28
Persona4 the Golden ANIMATION,63,236,"mystery,drama,action,slice of life,thriller,supernatural",5,5,8,8,19,23,3.75
Gintama,11435,55745,,133,133,47,124,509,10622,4.87
The Silver Guardian,93,270,"action,fantasy,sci-fi,isekai,supernatural",28,28,19,10,6,30,2.9
Wise Man's Grandchild,267,975,"fantasy,adventure,isekai,romance,seinen",39,39,38,30,30,130,3.65
Unico In the Island of Magic,4,18,"fantasy,comedy,drama",0,0,0,1,0,3,4.5
Ultraman Gaia,6,28,,0,0,0,1,0,5,4.67
Fate/Zero,1097,5254,,12,12,8,25,109,943,4.79
The Morose Mononokean,59,260,"comedy,slice of life,supernatural,drama",0,0,2,6,17,34,4.41
Yu-Gi-Oh!,45,191,"shonen,supernatural,action,adventure,fantasy",3,3,2,4,8,28,4.24
Air Master,973,4382,seinen,42,42,9,70,148,704,4.5
Fantastic Adventures of Unico,3,12,"adventure,fantasy",0,0,0,1,1,1,4.0
Beyblade: Metal Fusion,2,10,"adventure,action,sports",0,0,0,0,0,2,5.0
Looking Up at the Half-Moon,9,40,"comedy,drama,romance",1,1,0,0,1,7,4.44
Tsukimonogatari,7,34,"comedy,supernatural,drama,action,harem,fantasy",0,0,0,0,1,6,4.86
Soul Link,2,4,sci-fi,1,1,0,1,0,0,2.0
Free! Iwatobi Swim Club,473,2198,"sports,drama",10,10,8,11,81,363,4.65
Eyeshield 21,8466,41028,"action,comedy,sports",99,99,43,115,547,7662,4.85
Full Metal Panic? Fumoffu,10,46,"action,comedy,slice of life,mecha",0,0,0,1,2,7,4.6
Space Brothers,340,1638,"drama,slice of life,sci-fi",0,0,2,10,36,292,4.82
Hanamaru Kindergarten,826,3934,"slice of life,comedy,adventure",6,6,3,26,111,680,4.76
ALL OUT!!,38,186,"sports,drama,action",0,0,0,1,2,35,4.89
Inuyasha the Movie 3: Swords of an Honorable Ruler,0,0,"action,adventure,romance,fantasy",0,0,0,0,0,0,0.0
gdgd men's party,6,24,comedy,1,1,0,0,2,3,4.0
Wild Mom,9,44,,0,0,0,0,1,8,4.89
Fuuka,132,449,"drama,romance,music,shonen",21,21,22,21,19,49,3.4
TWOCAR,11,28,"sports,action,seinen",4,4,2,2,1,2,2.55
Somali and the Forest Spirit,55,263,"fantasy,adventure,drama",1,1,0,2,4,48,4.78
A Talk on Titan,11,18,,9,9,0,0,1,1,1.64
The Last - Naruto the Movie,5,25,"shonen,romance",0,0,0,0,0,5,5.0
Blast of Tempest,226,1013,"shonen,adventure,action,fantasy,mystery",2,2,10,17,45,152,4.48
Gundam Build Divers,16,60,"mecha,action,sci-fi,slice of life",1,1,1,5,3,6,3.75
Last Cinderella,28,137,,0,0,0,0,3,25,4.89
Anima Yell!,16,74,"slice of life,sports,comedy",0,0,0,0,6,10,4.62
Moyashimon,28,126,"comedy,slice of life",0,0,0,2,10,16,4.5
Caligula,31,109,"sci-fi,action",5,5,3,6,5,12,3.52
Ah My Buddha!!,6,18,"comedy,slice of life,supernatural,harem",0,0,2,2,2,0,3.0
Kaiji,68,318,,3,3,0,2,6,57,4.68
Genshiken,20,90,"comedy,slice of life,seinen",0,0,1,1,5,13,4.5
Hundred,177,540,"action,fantasy,comedy,romance,sci-fi,harem",48,48,26,25,25,53,3.05
Mr. TONEGAWA Middle Management Blues,22,101,"comedy,seinen,drama",0,0,1,1,4,16,4.59
The Eccentric Family 2,14,69,"comedy,drama,fantasy,supernatural,slice of life",0,0,0,0,1,13,4.93
Crazy For Me,13,61,comedy,0,0,1,0,1,11,4.69
Polar Bear Cafe,228,1053,"comedy,slice of life",3,3,6,12,33,174,4.62
The World YAMIZUKAN,5,13,"supernatural,thriller,mystery",1,1,1,2,1,0,2.6
Magi,298,1397,"action,adventure,shonen,fantasy",1,1,8,15,35,239,4.69
The Irregular at Magic High School,441,1842,"action,fantasy,sci-fi,supernatural",24,24,35,48,66,268,4.18
Inferno Cop,54,237,"comedy,action,sci-fi,supernatural",2,2,3,5,6,38,4.39
Kamigami no Asobi,158,689,"romance,supernatural,harem",5,5,8,17,23,105,4.36
Kenka Bancho Otome -Girl Beats Boys-,55,207,"action,shojo,drama,romance",3,3,7,12,11,22,3.76
The Perfect Insider,74,287,"thriller,drama,mystery,sci-fi,seinen",6,6,7,8,22,31,3.88
Zatch Bell!,29,129,"shonen,action,adventure,comedy,fantasy",1,1,1,2,5,20,4.45
FLIP FLAPPERS,88,417,"fantasy,magical girls,adventure,comedy",1,1,1,3,10,73,4.74
Flame of Recca,10,50,"action,adventure,shonen,supernatural",0,0,0,0,0,10,5.0
JUNI TAISEN: ZODIAC WAR,208,684,"fantasy,supernatural,action,shonen",29,29,44,35,38,62,3.29
Emma: A Victorian Romance,6,28,"romance,drama,historical",0,0,0,1,0,5,4.67
MARGINAL #4 the Animation,12,54,"slice of life,idols",0,0,1,0,3,8,4.5
KINMOZA!,40,180,"slice of life,comedy",1,1,1,4,5,29,4.5
"We, Without Wings - under the innocent sky",730,3295,"harem,romance",17,17,19,49,132,513,4.51
Inuyasha the Movie:  Affections Touching Across Time,0,0,"action,adventure,romance,fantasy",0,0,0,0,0,0,0.0
Gunbuster 2,12,51,"action,drama,sci-fi,mecha",0,0,2,1,1,8,4.25
Miss Kobayashi's Dragon Maid,427,2016,"slice of life,romance,comedy,fantasy",5,5,4,9,69,340,4.72
Robot Girls Z,11,46,"mecha,comedy,sci-fi,fantasy",1,1,0,2,1,7,4.18
Elegant Yokai Apartment Life,76,314,"slice of life,fantasy,supernatural,drama",3,3,5,11,17,40,4.13
Rainy Cocoa,6,14,"comedy,slice of life",2,2,2,0,2,0,2.33
Rainy Cocoa sideG,8,15,"slice of life,comedy",4,4,2,1,1,0,1.88
Barakamon,84,407,"slice of life,comedy,seinen",0,0,0,1,11,72,4.85
Naruto Shippuden the Movie: The Lost Tower,0,0,shonen,0,0,0,0,0,0,0.0
IRYU - Team Medical Dragon,13,59,,0,0,0,0,6,7,4.54
Cardfight!! Vanguard Asia Circuit (Season 2),15,62,,2,2,1,1,0,11,4.13
Clockwork Planet,59,186,"sci-fi,fantasy",8,8,12,16,9,14,3.15
Total Eclipse,179,658,"action,adventure,mecha",22,22,24,23,31,79,3.68
Oreimo,795,3512,"drama,romance,slice of life",31,31,35,52,130,547,4.42
You and Me 2,136,643,slice of life,4,4,2,3,9,118,4.73
CHRONOS RULER,32,103,"action,fantasy,drama",6,6,5,5,8,8,3.22
Anti-Magic Academy: The 35th Test Platoon,100,352,"action,fantasy,drama",5,5,21,20,25,29,3.52
GA Geijutsuka Art Design Class,108,496,"comedy,slice of life,seinen",3,3,1,6,17,81,4.59
Takamiya Nasuno Desu!,22,77,"comedy,slice of life,shonen",4,4,2,2,7,7,3.5
Library War,13,63,"action,romance",0,0,0,0,2,11,4.85
The Crunchyroll Anime Awards,1,5,,0,0,0,0,0,1,5.0
Inugami-san to Nekoyama-san,27,117,"romance,comedy",0,0,1,3,9,14,4.33
Naruto Shippuden the Movie: The Will of Fire,1,5,shonen,0,0,0,0,0,1,5.0
Yakitate!! Japan,23,102,"shonen,action,comedy",0,0,2,1,5,15,4.43
Voices of a Distant Star,471,2211,"mecha,drama,romance,sci-fi,post-apocalyptic",9,9,8,15,54,385,4.69
Ping Pong the Animation,47,233,"sports,seinen",0,0,0,1,0,46,4.96
Magical Play,109,473,magical girls,7,7,2,6,26,68,4.34
Crane Game Girls,6,12,"sci-fi,comedy",3,3,1,1,1,0,2.0
The Diary of Ochibi (Motion Manga),2,9,,0,0,0,0,1,1,4.5
Death Note,24,116,"thriller,supernatural",0,0,0,1,2,21,4.83
Taboo Tattoo,148,331,"action,fantasy,sci-fi",62,62,35,22,12,17,2.24
Kaede New Town,42,186,"romance,comedy,slice of life",4,4,0,2,4,32,4.43
Maoyu,157,683,"fantasy,romance,adventure",2,2,7,14,45,89,4.35
Music Girls,6,22,"music,slice of life,shojo,idols",0,0,1,2,1,2,3.67
Ms. Koizumi-san Loves Ramen Noodles,50,167,"comedy,slice of life",3,3,12,10,15,10,3.34
High School Entrance Exam,5,20,,0,0,0,2,1,2,4.0
Anime Crimes Division,48,201,"action,comedy,drama,sci-fi",9,9,0,0,3,36,4.19
Knight’s & Magic,172,682,"action,adventure,sci-fi,mecha,isekai",7,7,15,32,41,77,3.97
Tantei Team KZ Jiken Note,12,44,mystery,0,0,0,6,4,2,3.67
OneRoom,65,178,"romance,slice of life,drama",19,19,12,13,9,12,2.74
Didn't I say to make my abilities average in the next life,143,543,"isekai,fantasy,comedy",13,13,17,17,35,61,3.8
ISEKAI QUARTET,51,234,"comedy,fantasy,isekai",1,1,2,3,5,40,4.59
"Say ""I love you.""",583,2666,"shojo,romance,drama,slice of life",6,6,14,35,113,415,4.57
GRANBLUE FANTASY: The Animation,77,296,"adventure,fantasy",5,5,6,17,17,32,3.84
"Science Fell in Love, So I Tried to Prove it",43,186,"comedy,romance,slice of life",4,4,1,3,4,31,4.33
Hi-sCool! Seha Girls,16,69,"comedy,slice of life",0,0,0,5,1,10,4.31
PERSONA5 the Animation -THE DAY BREAKERS-,23,98,"thriller,supernatural,mystery,action",1,1,2,1,5,14,4.26
Mashiroiro Symphony,439,2049,"drama,harem,romance",3,3,12,19,60,345,4.67
Medaka Box,200,911,romance,2,2,7,12,36,143,4.56
Nobunagun,62,282,"action,sci-fi,shonen",1,1,1,4,13,43,4.55
Izetta: The Last Witch,111,447,"action,historical,fantasy,romance,drama,supernatural",3,3,7,23,29,49,4.03
Umamusume: Pretty Derby,61,275,"slice of life,sports,drama,idols",1,1,1,4,15,40,4.51
Wooser's Hand-to-Mouth Life,13,49,"comedy,slice of life",0,0,2,4,2,5,3.77
RH Plus,623,2886,"jdrama,horror,action",10,10,11,30,96,476,4.63
91 Days,163,770,"drama,historical,seinen,action",0,0,1,12,18,132,4.72
Piacevole,11,45,"comedy,slice of life",0,0,0,1,8,2,4.09
Usakame,6,23,"sports,comedy,slice of life",0,0,2,0,1,3,3.83
Mischievous Kiss 2 - Love in Okinawa,27,131,,0,0,0,1,2,24,4.85
Time Taxi,34,165,,0,0,0,0,5,29,4.85
Rail Wars!,61,214,"action,harem",9,9,7,10,14,21,3.51
Tamayura Hitotose,4,19,"slice of life,drama,comedy",0,0,0,0,1,3,4.75
RWBY VOLUME 1-3: The Beginning,17,57,"fantasy,adventure,action,sci-fi,drama",5,5,0,2,4,6,3.35
Nurse Witch KOMUGI R,14,48,"comedy,fantasy,idols",2,2,0,6,2,4,3.43
Aldnoah.Zero,395,1584,"action,sci-fi,drama,mecha",21,21,33,61,86,194,4.01
Straight Title Robot Anime,24,74,"comedy,sci-fi",8,8,1,3,5,7,3.08
Akashic Records of Bastard Magic Instructor,241,988,"action,fantasy,adventure",12,12,13,35,60,121,4.1
Oreshura,96,407,"slice of life,romance,comedy,harem",2,2,6,11,25,52,4.24
Bludgeoning Angel Dokuro-chan,10,46,"comedy,romance,magical girls",1,1,0,0,0,9,4.6
Chivalry of a Failed Knight,39,187,"action,fantasy,romance,drama",1,1,0,0,4,34,4.79
Merc StoriA: The Apathetic Boy and the Girl in a Bottle,22,82,fantasy,1,1,4,3,6,8,3.73
Hakone-chan,19,57,"comedy,slice of life,supernatural",2,2,4,7,4,2,3.0
EAT-MAN '98,1,5,"sci-fi,action,adventure",0,0,0,0,0,1,5.0
In/Spectre,78,309,"fantasy,mystery,drama,action,romance,supernatural,thriller",3,3,11,11,14,39,3.96
The Kawai Complex Guide to Manors and Hostel Behavior,85,390,"comedy,romance,slice of life,seinen",2,2,1,5,14,63,4.59
The Magnificent KOTOBUKI,25,99,"action,adventure",3,3,0,2,10,10,3.96
Re-Kan!,23,96,comedy,0,0,2,4,5,12,4.17
Chargeman Ken,6,15,"sci-fi,action,adventure",3,3,1,0,0,2,2.5
Mobile Suit GUNDAM Iron Blooded Orphans,228,1042,"mecha,action,sci-fi",6,6,10,8,28,176,4.57
Long Riders!,5,21,"sports,comedy,slice of life,shonen",0,0,0,1,2,2,4.2
Magical Somera-chan,11,41,comedy,0,0,2,2,4,3,3.73
Please Teacher!,17,75,"comedy,romance,drama,sci-fi",0,0,1,1,5,10,4.41
Sword Art Online Alternative: Gun Gale Online,182,678,"action,adventure,sci-fi,isekai,drama",26,26,13,25,39,79,3.73
Love Live!,216,1002,"idols,music,slice of life,drama",3,3,3,13,31,166,4.64
Poco's Udon World,52,249,"slice of life,comedy,drama,fantasy",0,0,0,2,7,43,4.79
Golden Kamuy,82,384,"adventure,seinen,action,drama,slice of life,historical,mystery",2,2,0,3,12,65,4.68
GARO -VANISHING LINE-,45,202,"action,sci-fi,fantasy,supernatural",0,0,2,5,7,31,4.49
My Roommate is a Cat,108,518,"slice of life,drama,comedy",0,0,1,3,13,91,4.8
Comic Girls,44,184,"comedy,slice of life",1,1,4,6,8,25,4.18
Bodacious Space Pirates,791,3687,comedy,6,6,18,43,104,620,4.66
Horizon in the Middle of Nowhere,505,2241,,23,23,21,31,67,363,4.44
A Certain Scientific Railgun,42,199,"action,sci-fi",1,1,0,2,3,36,4.74
True Tears,6,28,"romance,drama,slice of life",0,0,0,0,2,4,4.67
Ramen Fighter Miki,277,1273,"action,comedy",7,7,1,17,47,205,4.6
Wonder Momo,11,25,"action,sci-fi,idols,magical girls",3,3,4,3,0,1,2.27
Book Girl,10,49,"drama,romance,mystery",0,0,0,0,1,9,4.9
Brave Witches,31,125,"action,sci-fi",2,2,1,5,9,14,4.03
How to Keep a Mummy,117,558,"comedy,supernatural,slice of life",0,0,3,3,12,99,4.77
Level E,623,2888,,3,3,7,30,134,449,4.64
Non Non Biyori,124,592,"slice of life,comedy,seinen",1,1,1,4,13,105,4.77
ENDRO!,16,76,"fantasy,slice of life",0,0,0,2,0,14,4.75
Girlish number,20,84,"comedy,slice of life,idols",0,0,2,0,10,8,4.2
Ange Vierge,41,108,"adventure,fantasy,action,sci-fi",17,17,6,4,3,11,2.63
Comical Psychosomatic Medicine,31,126,"comedy,slice of life",1,1,1,5,12,12,4.06
Senryu Girl,26,124,"slice of life,comedy",0,0,0,0,6,20,4.77
Nogizaka Haruka no Himitsu,2504,12133,"romance,comedy,slice of life",24,24,7,39,192,2242,4.85
PandoraHearts,84,378,"action,fantasy,adventure,thriller,mystery,shonen",1,1,1,8,19,55,4.5
Skull-face Bookseller Honda-san,62,286,"comedy,slice of life,shojo",0,0,1,5,11,45,4.61
Phantom Thief Reinya,161,715,comedy,8,8,3,9,31,110,4.44
Ultraman X,14,60,,1,1,1,1,1,10,4.29
Fairy Tail,673,2934,,37,37,36,47,81,472,4.36
Dr. Coto's Clinic,11,55,,0,0,0,0,0,11,5.0
Try Knights,30,62,"sports,action,drama,shojo",18,18,2,4,2,4,2.07
Os Cavaleiros do Zodíaco - Ômega,177,716,,16,16,10,23,29,99,4.05
Sketchbook ~full color's~,5,24,"comedy,slice of life,shonen",0,0,0,0,1,4,4.8
Gakuen Alice,8,40,"comedy,shojo",0,0,0,0,0,8,5.0
BLASSREITER,1868,8658,"action,sci-fi,drama,mecha",67,67,25,63,213,1500,4.63
Ooya-san wa Shishunki!,20,89,"comedy,slice of life",0,0,0,1,9,10,4.45
Kono Aozora ni Yakusoku wo,1119,5143,"harem,drama",37,37,14,59,144,865,4.6
A Bridge to the Starry Skies - Hoshizora e Kakaru Hashi,1282,6001,"harem,seinen",17,17,14,56,187,1008,4.68
Kino no Tabi -the Beautiful World- the Animated Series,136,617,"seinen,drama,fantasy,adventure,slice of life,action,mystery",3,3,5,7,22,99,4.54
Ulysses: Jeanne d'Arc and the Alchemist Knight,90,190,"historical,action,fantasy",46,46,19,8,3,14,2.11
Boogiepop and Others,60,253,"drama,supernatural,thriller",4,4,8,3,1,44,4.22
A Certain Magical Index,102,362,"fantasy,sci-fi,action",12,12,13,16,29,32,3.55
Golden Time,519,2391,"slice of life,romance,comedy,drama",11,11,16,23,66,403,4.61
Demon King Daimao,3420,16148,"action,comedy,fantasy,harem,romance",30,30,26,125,504,2735,4.72
Hakata Tonkotsu Ramens,81,379,"action,drama,mystery",1,1,0,3,16,61,4.68
Frame Arms Girl,5,23,"sci-fi,slice of life,mecha",0,0,0,0,2,3,4.6
Happy Boys,56,275,"jdrama,comedy,romance",0,0,0,0,5,51,4.91
Sabagebu!,63,295,"sports,comedy,action,slice of life",0,0,0,3,14,46,4.68
Ano Natsu de Matteru,685,3211,"romance,slice of life,drama",12,12,10,21,94,548,4.69
Lupin the Third Part 1,6,25,"action,adventure,seinen,mystery",1,1,0,0,1,4,4.17
Saint Seiya Hades (EN),2,8,,0,0,0,1,0,1,4.0
Wakakozake,55,261,"slice of life,comedy,seinen",0,0,0,4,6,45,4.75
Hell Girl: Fourth Twilight,22,87,"drama,supernatural",2,2,3,3,0,14,3.95
Ultraman Orb,22,103,,1,1,0,0,3,18,4.68
The Glass Mask Year 3 Class D,2,8,"comedy,slice of life",0,0,0,0,2,0,4.0
Magic-Kyun! Renaissance,18,72,"music,supernatural,romance",1,1,1,5,1,10,4.0
DENKI-GAI,65,294,"comedy,slice of life",2,2,1,2,16,44,4.52
Vividred Operation,72,229,"action,sci-fi,mecha",12,12,11,19,12,18,3.18
Fox Spirit Matchmaker,98,370,"comedy,romance,fantasy",18,18,6,4,22,48,3.78
Naruto the Movie: Ninja Clash in the Land of Snow,1,5,shonen,0,0,0,0,0,1,5.0
Blue Seed,4,20,"action,sci-fi,supernatural,comedy,romance",0,0,0,0,0,4,5.0
World Trigger,268,1170,"action,shonen,sci-fi,fantasy,supernatural",7,7,18,25,38,180,4.37
Tari Tari,91,433,"slice of life,music,drama",0,0,0,2,18,71,4.76
Lance N' Masques,54,158,"action,fantasy",17,17,5,10,9,13,2.93
Slow Start,22,91,"comedy,slice of life",0,0,3,2,6,11,4.14
Twin Angel: Twinkle Paradise,105,415,magical girls,12,12,6,14,16,57,3.95
Fairy Musketeers,1001,4772,"magical girls,fantasy",20,20,3,25,94,859,4.77
Anohana: The Flower We Saw That Day (Drama),26,111,,2,2,2,1,3,18,4.27
Ai-Mai-Mi,41,145,"slice of life,comedy",6,6,7,5,5,18,3.54
Working!,556,2656,"comedy,slice of life",5,5,7,11,61,472,4.78
Ace Attorney,134,506,"comedy,drama,mystery",20,20,12,12,24,66,3.78
ISLAND,73,253,"slice of life,sci-fi,drama",12,12,9,14,9,29,3.47
Samurai Pizza Cats,9,44,"action,comedy,sci-fi,shonen,historical",0,0,0,0,1,8,4.89
Is the Order a Rabbit?,82,388,"slice of life,comedy",0,0,0,4,14,64,4.73
Os Cavaleiros do Zodíaco,27,134,,0,0,0,0,1,26,4.96
CHAOS;CHILD,26,97,"thriller,mystery",2,2,4,5,3,12,3.73
The Fruit of Grisaia,161,710,"drama,thriller,romance",3,3,7,15,32,104,4.41
Onee-chan ga Kita,42,165,"comedy,slice of life",3,3,3,5,14,17,3.93
Antiquarian Bookshop Biblia's Case Files,23,114,,0,0,0,0,1,22,4.96
Space Adventure Cobra,2,10,,0,0,0,0,0,2,5.0
elDLIVE,20,67,"sci-fi,adventure",5,5,2,3,1,9,3.35
Makai Ouji: Devils and Realist,50,204,"supernatural,drama",2,2,2,11,10,25,4.08
Classroom☆Crisis,55,236,"sci-fi,drama,romance",1,1,3,7,12,32,4.29
Clean Freak! Aoyama kun,38,136,"comedy,sports,slice of life",5,5,4,8,6,15,3.58
Gakuen Basara: Samurai High School,1,5,"action,comedy",0,0,0,0,0,1,5.0
Fist of the North Star,637,2974,post-apocalyptic,22,22,1,23,74,517,4.67
The Sprites of Floria,5,11,"adventure,fantasy,drama",3,3,0,1,0,1,2.2
Majin Bone,17,56,"action,shonen,fantasy,isekai",3,3,2,5,1,6,3.29
Hayate the Combat Butler! (S1 e S2),5689,27576,,47,47,12,92,461,5077,4.85
Fan Chronicles: Um Documentário Crunchyroll,27,37,,24,24,0,1,0,2,1.37
We Never Learn: BOKUBEN,87,397,"comedy,shonen,romance,slice of life,harem",0,0,0,12,14,61,4.56
How Not to Summon a Demon Lord,370,1495,"fantasy,action,romance,harem",29,29,25,40,84,192,4.04
The Dragon Dentist,13,54,"fantasy,adventure,action,supernatural",1,1,1,1,2,8,4.15
Nanana's Buried Treasure,65,280,"supernatural,comedy",0,0,5,7,16,37,4.31
Hayate the Combat Butler!,38,163,"comedy,romance,slice of life,action,harem",1,1,2,3,11,21,4.29
PriPri Chi-chan!!,8,40,"comedy,sci-fi,shojo",0,0,0,0,0,8,5.0
Ikemen Sengoku: Bromances Across Time,8,40,"comedy,romance,historical",0,0,0,0,0,8,5.0
Happy Life,2,9,,0,0,0,0,1,1,4.5
Amagi Brilliant Park,63,288,"comedy,slice of life",0,0,2,3,15,43,4.57
Pilot Candidate,5,11,"action,adventure,sci-fi,mecha",2,2,1,1,1,0,2.2
Our love has always been 10 centimeters apart.,37,167,"drama,romance",0,0,1,3,9,24,4.51
Glass Mask,1709,8271,romance,21,21,9,22,119,1538,4.84
"Listen to Me, Girls, I’m Your Father!",937,4386,harem,17,17,6,41,131,742,4.68
NARUTO Spin-Off: Rock Lee & His Ninja Pals,369,1513,,44,44,14,34,46,231,4.1
Photo Kano,40,122,"romance,harem,seinen",5,5,11,9,7,8,3.05
Frankenstein Family,31,88,"slice of life,sci-fi",7,7,8,7,1,8,2.84
Kokoro Connect,259,1158,"slice of life,romance,drama",7,7,5,22,50,175,4.47
Triage X,64,207,"action,shonen",11,11,11,9,18,15,3.23
Maerchen Maedchen,22,68,"fantasy,supernatural",5,5,3,5,3,6,3.09
Date A Live,35,155,"fantasy,sci-fi,romance,action,comedy,drama,harem",1,1,2,3,4,25,4.43
Magical Girl Ore,61,265,"romance,fantasy,comedy",1,1,4,6,12,38,4.34
The Place Promised In Our Early Days,503,2433,"romance,drama,sci-fi",6,6,1,7,41,448,4.84
Detective vs Detectives,11,55,,0,0,0,0,0,11,5.0
I've Always Liked You,40,169,"romance,drama,slice of life",1,1,4,3,9,23,4.22
Mushibugyo,69,311,"action,adventure,fantasy,historical",0,0,3,5,15,46,4.51
Gingitsune: Messenger Fox of the Gods,54,243,"supernatural,slice of life",2,2,0,2,15,35,4.5
BONJOUR♪Sweet Love Patisserie,68,231,"romance,slice of life,harem",2,2,11,23,22,10,3.4
WWW.Working!!,51,204,"comedy,romance,slice of life,drama",2,2,3,7,20,19,4.0
Tenchi Muyo! Ryo-Ohki,1,5,,0,0,0,0,0,1,5.0
Shinobi Girl,4,4,"martial arts,action",4,4,0,0,0,0,1.0
Scorching Ping Pong Girls,24,105,"sports,slice of life,comedy,action",0,0,2,1,7,14,4.38
To Be Heroine,53,231,"comedy,action,supernatural",6,6,0,2,6,39,4.36
Cat God,292,1286,"comedy,seinen,supernatural,fantasy",5,5,10,27,70,180,4.4
Dog Days,90,387,"comedy,action",6,6,4,7,13,60,4.3
Sherlock Hound,103,470,"mystery,adventure,action",3,3,2,4,19,75,4.56
Cardfight!! Vanguard Legion Mate (Season 4),7,26,action,2,2,0,0,1,4,3.71
Holy Knight,35,90,"drama,fantasy,supernatural,seinen,harem",15,15,6,2,3,9,2.57
Minami Kamakura High School Girls Cycling Club,10,40,"sports,slice of life",1,1,0,1,4,4,4.0
YuruYuri,789,3662,"comedy,slice of life",12,12,5,46,128,598,4.64
SHONEN HOLLYWOOD -HOLLY STAGE FOR 49-,2,10,idols,0,0,0,0,0,2,5.0
The Ambition of Oda Nobuna,145,661,"fantasy,historical,action",3,3,2,9,28,103,4.56
Infinite Stratos,102,359,"romance,harem,mecha,action,sci-fi",11,11,20,14,19,38,3.52
Time Bokan 24,5,18,"comedy,sci-fi,action",1,1,0,0,3,1,3.6
Skip Beat!,15011,73683,"comedy,romance,drama",98,98,20,112,696,14085,4.91
DRAMAtical Murder,135,538,"drama,romance,sci-fi,action",8,8,10,20,35,62,3.99
Wakaba＊Girl,18,72,"slice of life,comedy",2,2,0,3,4,9,4.0
Gangsta.,17,73,"action,drama,seinen",1,1,1,2,1,12,4.29
Black Jack The Movie,2,10,"adventure,drama,comedy,thriller",0,0,0,0,0,2,5.0
Cowboy Bebop,170,838,"sci-fi,action,drama",0,0,0,4,4,162,4.93
Working Buddies!,8,34,"comedy,slice of life",0,0,0,2,2,4,4.25
The Price of Smiles,55,166,"drama,sci-fi,fantasy,action,mecha",12,12,11,9,10,13,3.02
Utakoi,33,153,"romance,historical,drama",1,1,0,1,6,25,4.64
Akiba's Trip The Animation,30,121,"action,comedy,supernatural",3,3,1,2,10,14,4.03
Slam Dunk (Dub),4,19,"sports,shonen,action,drama",0,0,0,0,1,3,4.75
Garakowa -Restore the World-,34,130,"drama,sci-fi",0,0,5,8,9,12,3.82
Oda Cinnamon Nobunaga,11,51,comedy,0,0,0,2,0,9,4.64
Full Metal Panic! Invisible Victory,42,185,"action,drama,sci-fi,mecha",4,4,0,2,5,31,4.4
The Reflection,42,141,"action,adventure,sci-fi",6,6,9,4,10,13,3.36
Lupin the Third Part 2,6,30,"action,adventure,seinen,mystery",0,0,0,0,0,6,5.0
Shin Atashinchi,8,39,"comedy,slice of life",0,0,0,0,1,7,4.88
THE PROMISED NEVERLAND,431,2114,"thriller,shonen,action,drama,mystery,sci-fi,fantasy,post-apocalyptic",3,3,1,5,16,406,4.9
Tesagure! Bukatsumono,14,54,"comedy,slice of life",2,2,0,2,4,6,3.86
Mitchiri Neko,14,62,"comedy,slice of life",0,0,1,1,3,9,4.43
Tokyo Ghoul: re,46,142,,13,13,7,5,5,16,3.09
YUYUSHIKI,42,191,"comedy,slice of life",0,0,0,6,7,29,4.55
Yokuwakaru Gendai Maho,1288,5906,magical girls,29,29,18,65,234,942,4.59
Arcana,1,3,,0,0,0,1,0,0,3.0
PUNCH LINE,122,520,"comedy,action,sci-fi,supernatural",7,7,5,11,25,74,4.26
Jin Roh,10,45,"drama,romance,sci-fi,thriller",0,0,1,0,2,7,4.5
Laid-Back Camp,174,843,"adventure,slice of life,comedy",2,2,1,4,8,159,4.84
Mobile Suit Gundam Seed Destiny,15,45,"mecha,sci-fi,action",3,3,3,4,1,4,3.0
The Tatami Galaxy,21,104,,0,0,0,0,1,20,4.95
Shin Koihime Musou,815,3882,action,5,5,6,27,101,676,4.76
Valerian and Laureline,98,437,"sci-fi,adventure,drama,romance",4,4,0,8,21,65,4.46
Blade and Soul,138,417,"action,adventure,fantasy",24,24,32,29,23,30,3.02
Gakuen Handsome,50,225,"slice of life,drama,comedy,romance",5,5,0,2,1,42,4.5
AOKANA: Four Rhythm Across the Blue,63,241,"comedy,sci-fi,drama,sports",6,6,7,7,15,28,3.83
Alderamin on the Sky,164,745,"adventure,action,fantasy,drama",3,3,4,10,31,116,4.54
Re:ZERO -Starting Life in Another World-,1163,5297,"fantasy,adventure,action,comedy,romance,drama,isekai",44,44,34,60,120,905,4.55
Marmalade Boy,7,34,,0,0,0,0,1,6,4.86
Gundam Build Fighters,11,54,"mecha,action,sci-fi,slice of life",0,0,0,0,1,10,4.91
Urawa no Usagi-chan,12,31,"comedy,slice of life",4,4,2,2,3,1,2.58
GOBLIN SLAYER,818,3665,"action,adventure,fantasy",50,50,27,33,78,630,4.48
Phoenix,4,14,fantasy,1,1,0,1,0,2,3.5
Crunchycast,16,67,,1,1,1,2,2,10,4.19
Beelzebub,2928,14027,"action,comedy,supernatural",11,11,18,80,355,2464,4.79
Flowers of Evil,151,640,"thriller,shonen,drama,romance",14,14,4,8,31,94,4.24
Record of Grancrest War,210,752,"action,drama,fantasy,romance",21,21,36,34,38,81,3.58
ETOTAMA,27,104,"action,comedy,supernatural",3,3,2,5,3,14,3.85
Lost Universe,6,22,"adventure,comedy,drama,sci-fi,shonen",0,0,1,0,5,0,3.67
Sin The Movie,66,257,"action,supernatural",7,7,4,9,15,31,3.89
Mysterious Girlfriend X,733,3437,"romance,comedy",13,13,13,22,93,592,4.69
YUKI YUNA IS A HERO,73,320,"drama,action,adventure,fantasy,supernatural",1,1,3,11,10,48,4.38
Amanchu!,35,153,"comedy,slice of life",1,1,1,4,7,22,4.37
Brynhildr in the Darkness,139,544,"action,fantasy,drama,romance,mystery",5,5,19,19,36,60,3.91
Domestic Girlfriend,210,924,"romance,drama",11,11,6,20,24,149,4.4
Cardcaptor Sakura,76,362,"fantasy,action,adventure,comedy,shojo",1,1,1,2,7,65,4.76
Daily Lives of High School Boys,28,132,"comedy,slice of life",0,0,1,1,3,23,4.71
HEROBANK,7,22,"action,sci-fi",2,2,1,1,0,3,3.14
Magical Girl Spec-Ops Asuka,46,185,"action,fantasy",3,3,4,5,11,23,4.02
Fate/Grand Order Absolute Demonic Front: Babylonia,19,82,"fantasy,action",2,2,1,0,2,14,4.32
Crunchyroll Collection,4,12,"comedy,idols",2,2,0,0,0,2,3.0
Peacemaker,8,23,,3,3,0,1,3,1,2.88
Shonen Ashibe GO! GO! Goma-chan,9,39,"comedy,adventure,slice of life",0,0,0,2,2,5,4.33
Fushigi Yugi OVA,3,12,"adventure,fantasy,romance,drama,shojo,isekai",0,0,0,1,1,1,4.0
Celestial Method,37,152,"fantasy,slice of life",2,2,3,3,10,19,4.11
"Welcome, Chitose",5,25,,0,0,0,0,0,5,5.0
Black Clover,1938,7429,"fantasy,adventure,action,shonen,comedy",288,288,174,147,293,1036,3.83
The Nameko Families,8,30,"comedy,slice of life",1,1,0,2,2,3,3.75
Between the Sky and Sea,31,73,"adventure,sci-fi,slice of life",15,15,4,4,2,6,2.35
Kanamemo,855,3970,"comedy,slice of life",19,19,5,35,144,652,4.64
Hitoribocchi no Marumaruseikatsu,55,262,"slice of life,comedy,shonen",0,0,1,2,6,46,4.76
Naruto,16613,79667,,456,456,64,282,818,14993,4.8
Himouto! Umaru-chan,196,890,"comedy,slice of life",5,5,6,12,28,145,4.54
Poyopoyo,291,1385,"comedy,slice of life",3,3,1,8,39,240,4.76
Captain Harlock: Arcadia of my Youth,0,0,"sci-fi,drama",0,0,0,0,0,0,0.0
Rozen Maiden,102,504,"fantasy,supernatural,drama",0,0,0,3,0,99,4.94
Young Black Jack,32,140,"drama,seinen,thriller,historical",1,1,1,1,11,18,4.38
SHOKU-KING (Motion Manga),1,5,,0,0,0,0,0,1,5.0
Hanasakeru Seishonen,2461,11829,"drama,romance",21,21,11,52,255,2122,4.81
No Game No Life,789,3707,"sci-fi,fantasy,adventure,comedy,isekai",11,11,17,25,93,643,4.7
The Ultimatum,3,7,"sgdrama,family",1,1,0,2,0,0,2.33
Pretty Cure,777,3546,magical girls,40,40,8,29,97,603,4.56
momokuri,24,97,"romance,comedy",0,0,3,4,6,11,4.04
Harukana Receive,33,146,"sports,drama",0,0,1,5,6,21,4.42
Masamune-kun's Revenge,186,671,"drama,romance,comedy",19,19,26,35,35,71,3.61
Blue Spring Ride,164,766,"romance,comedy,drama",2,2,2,11,18,131,4.67
Swan Lake,0,0,"romance,fantasy,music,drama,shojo",0,0,0,0,0,0,0.0
Xuan Yuan Sword Luminary,27,89,"fantasy,adventure,historical,action,supernatural",4,4,5,6,3,9,3.3
Anime de Training! Ex,26,98,"comedy,slice of life",3,3,1,8,1,13,3.77
Classroom of the Elite,294,1312,"slice of life,drama,seinen,thriller",10,10,14,16,44,210,4.46
Squishy! Black Clover,14,37,"comedy,action,fantasy,shonen",7,7,1,1,0,5,2.64
School-Live!,195,882,"slice of life,thriller,comedy,drama,mystery,post-apocalyptic",4,4,6,13,33,139,4.52
"Boku-no-imoutowa""Osaka-okan""",28,96,"comedy,slice of life",3,3,5,2,13,5,3.43
Riddle Story of Devil,21,86,"mystery,drama",1,1,1,2,8,9,4.1
Happiness!,3069,14529,"fantasy,harem,romance",52,52,17,92,373,2535,4.73
Tanaka-kun is Always Listless,118,558,"slice of life,comedy,shonen",0,0,4,1,18,95,4.73
Gokuaku Ganbo,4,19,,0,0,0,0,1,3,4.75
"Why the hell are you here, Teacher!?",72,285,"comedy,romance,harem",9,9,3,7,16,37,3.96
MEKAKUCITY ACTORS,142,578,"romance,action,sci-fi,music",5,5,13,19,35,70,4.07
Starlight Promises,19,78,"romance,drama,fantasy,historical",1,1,0,2,9,7,4.11
Uchitama?! Have you seen my Tama?,4,19,,0,0,0,0,1,3,4.75
RIN-NE,46,202,"romance,comedy,supernatural,slice of life,fantasy",1,1,1,5,11,28,4.39
Outlaw Star,15,71,,0,0,1,0,1,13,4.73
Brave 10,892,4141,historical,12,12,13,41,150,676,4.64
Eromanga Sensei,197,746,"romance,harem",33,33,12,16,39,97,3.79
Attack on Titan,2012,9523,"adventure,fantasy,action,drama,thriller,post-apocalyptic",43,43,32,56,157,1724,4.73
Magic User's Club OVA,0,0,"sci-fi,comedy,supernatural,romance",0,0,0,0,0,0,0.0
Sweet Blue Flowers,730,3415,"slice of life,drama,romance",17,17,6,23,103,581,4.68
Bungo Stray Dogs,265,1226,"drama,action,supernatural,comedy,seinen,historical",3,3,8,16,31,207,4.63
Alice & Zoroku,53,234,"adventure,slice of life,drama,action,supernatural",1,1,3,3,12,34,4.42
Yamada-kun and the Seven Witches,221,1040,"drama,slice of life,fantasy,comedy,supernatural,romance,harem",0,0,4,10,33,174,4.71
Hozuki's Coolheadedness,68,320,"fantasy,adventure,comedy,slice of life,supernatural,seinen",1,1,0,3,10,54,4.71
Miss Monochrome - The Animation,41,159,"comedy,slice of life,sci-fi,idols",2,2,5,5,13,16,3.88
Ebiten,10,36,"comedy,slice of life",2,2,0,2,2,4,3.6
Null & Peta,12,47,"slice of life,comedy",1,1,2,1,1,7,3.92
Hikakin Beatbox,7,35,,0,0,0,0,0,7,5.0
Hakata Mentai! Pirikarako-chan,3,14,,0,0,0,0,1,2,4.67
Rozen Maiden Zurückspulen,155,257,"fantasy,supernatural,drama",121,121,6,5,6,17,1.66
Anohana: The Flower We Saw That Day,477,2299,"slice of life,drama,romance,supernatural",5,5,4,9,36,423,4.82
Gurazeni: Money Pitch,20,95,"comedy,drama,sports,seinen",0,0,0,1,3,16,4.75
Onna Nobunaga,4,14,,1,1,0,1,0,2,3.5
Naruto Shippuden the Movie: Blood Prison,0,0,shonen,0,0,0,0,0,0,0.0
Yatogame-chan Kansatsu Nikki,15,48,"comedy,slice of life,shonen",2,2,2,5,3,3,3.2
The Wonderful Wizard of Oz,2,9,"fantasy,adventure,comedy",0,0,0,0,1,1,4.5
Neo Angelique Abyss,3258,15470,"romance,fantasy,comedy",43,43,24,121,334,2736,4.75
A Place Further Than the Universe,234,1146,"adventure,slice of life,seinen",2,2,1,1,11,219,4.9
AMNESIA,244,854,"drama,romance,mystery",25,25,42,49,42,86,3.5
MOBILE SUIT GUNDAM UNICORN RE:0096,34,123,"mecha,sci-fi,action",5,5,3,5,8,13,3.62
ARP Backstage Pass,3,11,"music,idols",1,1,0,0,0,2,3.67
Legend of the Galactic Heroes: Die Neue These,70,309,"sci-fi,drama,action",3,3,4,5,7,51,4.41
DD Fist of the North Star,17,72,"shonen,fantasy,comedy,slice of life",2,2,0,0,5,10,4.24
JOKER,15,66,"adventure,comedy,shonen,mystery",0,0,0,2,5,8,4.4
Battle Girl High School,2,10,"action,sci-fi",0,0,0,0,0,2,5.0
Mobile Fighter G Gundam,11,49,"mecha,action,sci-fi",0,0,0,2,2,7,4.45
Gourmet Girl Graffiti,49,221,"comedy,slice of life,seinen",0,0,1,6,9,33,4.51
Arakawa Under the Bridge,25,119,"comedy,romance",0,0,0,2,2,21,4.76
Puella Magi Madoka Magica,791,3813,"fantasy,drama,magical girls,thriller",7,7,4,17,68,695,4.82
One-Punch Man,125,527,"action,comedy,shonen",9,9,9,9,17,81,4.22
Sorcery in the Big City,12,45,"fantasy,action,adventure,supernatural,mystery",0,0,3,2,2,5,3.75
Cuticle Detective Inaba,40,174,,3,3,2,2,4,29,4.35
KAGEWANI,19,85,"mystery,thriller,sci-fi",0,0,0,0,10,9,4.47
Tsukigakirei,186,896,"romance,drama,slice of life",1,1,1,2,23,159,4.82
Gifu Dodo!! Kanetsugu and Keiji,19,80,"action,historical",0,0,3,2,2,12,4.21
The Highschool Life of a Fudanshi,54,200,"comedy,slice of life,shojo",3,3,6,13,14,18,3.7
HAKYU HOSHIN ENGI,30,88,"adventure,fantasy,supernatural,shonen",8,8,7,3,3,9,2.93
MAJOR 2nd,16,74,"sports,shonen",0,0,0,1,4,11,4.62
THE [email protected] Side M,2,9,"music,idols,slice of life",0,0,0,0,1,1,4.5
A Lull in the Sea (Nagi-Asu: Nagi no Asukara),28,128,"drama,fantasy,romance",1,1,0,3,2,22,4.57
"Stella Women’s Academy, High School Division Class C3",30,127,"action,drama,sports,shonen,comedy,slice of life",0,0,1,6,8,15,4.23
The Princess and the Pilot,16,68,"drama,romance,action,adventure",0,0,1,2,5,8,4.25
Kyo Kara Maoh,15,63,"adventure,comedy,fantasy,supernatural,isekai,harem",3,3,0,0,0,12,4.2
Samurai Jam-Bakumatsu Rock,17,73,"idols,music,historical,comedy,action,drama,sci-fi",0,0,1,3,3,10,4.29
The Third: The Girl with the Blue Eye,5,22,"action,sci-fi,drama,post-apocalyptic,fantasy",0,0,0,0,3,2,4.4
Seiren,28,95,"romance,slice of life",1,1,6,9,5,7,3.39
Pikotaro no LULLABY LA LA BY,16,76,"comedy,slice of life",1,1,0,0,0,15,4.75
Cardcaptor Sakura the Movie 2: The Sealed Card,2,10,"adventure,comedy,shojo,magical girls",0,0,0,0,0,2,5.0
Miss Machiko,5,19,comedy,1,1,0,1,0,3,3.8
Photon the Idiot Adventures,4,14,"action,comedy,sci-fi,adventure,harem",1,1,0,1,0,2,3.5
MAGICAL CIRCLE GURU-GURU,22,103,"action,comedy,fantasy,adventure",0,0,0,3,1,18,4.68
INVADERS of the ROKUJYOMA!?,49,217,"harem,comedy,supernatural,romance",0,0,2,3,16,28,4.43
March comes in like a lion,146,700,"romance,drama",2,2,4,1,8,131,4.79
The Galaxy Railways: A Letter from the Abandoned Planet,3,11,"adventure,sci-fi,fantasy,drama",0,0,1,0,1,1,3.67
KARAKAI JOZU NO TAKAGI-SAN,149,718,"comedy,romance,slice of life",1,1,1,0,20,127,4.82
Tsuritama,302,1432,"slice of life,comedy",2,2,3,7,47,243,4.74
The Idol Master,342,1591,music,4,4,8,12,55,263,4.65
No. 6,1374,6437,"action,adventure",18,18,13,62,198,1083,4.68
Mazinger Edition Z,3,15,"sci-fi,mecha",0,0,0,0,0,3,5.0
AIURA,44,185,"comedy,slice of life",0,0,0,11,13,20,4.2
Absolute Duo,29,105,"action,fantasy,romance",3,3,3,5,9,9,3.62
Please Twins!,6,25,"comedy,romance,drama,harem",0,0,0,1,3,2,4.17
Magic User's Club,1,5,"sci-fi,comedy,supernatural,romance",0,0,0,0,0,1,5.0
Danchigai,30,117,"comedy,slice of life",0,0,4,8,5,13,3.9
Blue Exorcist,4497,21656,,21,21,18,96,499,3863,4.82
The Pet Girl of Sakurasou,359,1718,"romance,comedy,drama,seinen",3,3,8,6,29,313,4.79
IDOLiSH7,42,202,"music,idols",0,0,2,0,2,38,4.81
YU-NO: A Girl Who Chants Love at the Bound of This World,38,145,"sci-fi,thriller,harem,adventure",4,4,3,8,4,19,3.82
Midnight occult civil servants,48,186,supernatural,3,3,3,7,19,16,3.88
Beautiful Bones -Sakurako's Investigation-,107,487,"mystery,thriller,drama",0,0,1,9,27,70,4.55
Re:ZERO -Starting Life in Another World- SHORTS,29,122,"adventure,action,comedy,romance,fantasy,slice of life,isekai",3,3,1,1,6,18,4.21
BanG Dream!,30,134,"comedy,music",1,1,1,1,7,20,4.47
Isekai Izakaya: Japanese Food From Another World,47,198,"fantasy,slice of life,isekai",2,2,3,7,6,29,4.21
Power Office Girls 2013,8,37,,0,0,0,0,3,5,4.62
gen:LOCK,95,380,"action,sci-fi,mecha",7,7,8,11,21,48,4.0
Life in Additional Time,2,8,,0,0,0,0,2,0,4.0
To the Abandoned Sacred Beasts,60,207,"fantasy,thriller,action,supernatural,drama,shonen",8,8,5,12,22,13,3.45
That Time I Got Reincarnated as a Slime,730,3396,"fantasy,action,adventure,isekai,slice of life",11,11,18,41,74,586,4.65
The Prince of Tennis II OVA vs Genius 10,7,33,"sports,shonen,drama,action",0,0,0,1,0,6,4.71
K Missing Kings,0,0,,0,0,0,0,0,0,0.0
Izumo: Flash of a Brave Sword,0,0,"action,adventure",0,0,0,0,0,0,0.0
Moritasan wa Mukuchi,314,1415,"comedy,seinen",7,7,8,22,59,218,4.51
ORECA BATTLE,2,6,"shonen,action,fantasy",0,0,0,2,0,0,3.0
"Kiss Him, Not Me",123,551,"comedy,romance,shojo,harem",3,3,4,7,26,83,4.48
Ojisan and Marshmallow,43,193,"comedy,romance,slice of life",0,0,1,4,11,27,4.49
Schwarzes Marken,99,394,"action,historical,mecha,sci-fi,drama,post-apocalyptic",6,6,6,14,31,42,3.98
JK-Meshi!,22,52,"slice of life,comedy",11,11,1,4,3,3,2.36
A Wind Named Amnesia,4,18,"adventure,sci-fi,post-apocalyptic",0,0,0,0,2,2,4.5
Keijo!!!!!!!!,231,938,"action,sports",26,26,11,20,40,134,4.06
Lord of Vermilion: The Crimson King,21,54,"action,fantasy",6,6,6,3,3,3,2.57
Fushigi Yugi,31,136,"adventure,fantasy,romance,drama,shojo,isekai",2,2,0,3,5,21,4.39
gdgd Fairies,42,170,,7,7,1,2,5,27,4.05
Berserk,504,1770,"seinen,action,fantasy,supernatural",104,104,50,48,88,214,3.51
DEMIAN,11,39,"sci-fi,action,mecha",1,1,2,2,2,4,3.55
Inuyasha,8,40,"action,adventure,romance,fantasy",0,0,0,0,0,8,5.0
BAKUMATSU GIJINDEN ROMAN,8,27,"action,drama,romance,sci-fi",1,1,1,2,2,2,3.38
This Art Club Has a Problem!,42,172,"comedy,slice of life,seinen",0,0,5,6,11,20,4.1
Drifters,115,530,"action,fantasy,drama,historical,isekai",4,4,3,4,12,92,4.61
DNA^2,8,27,"sci-fi,action,romance,comedy",2,2,0,1,3,2,3.38
Nobunaga Concerto (Drama),33,152,,0,0,2,2,3,26,4.61
Hakkenden: Eight Dogs of the East,103,478,"action,supernatural,fantasy,shojo",2,2,1,6,14,80,4.64
Samurai Troopers,11,54,"shonen,action,fantasy,drama,adventure,historical,supernatural",0,0,0,0,1,10,4.91
Kiseijuu,715,3397,"seinen,sci-fi,thriller,action,drama",6,6,7,21,91,590,4.75
Lovely Complex,26,123,"shojo,romance",0,0,0,2,3,21,4.73
Fastest Finger First,36,140,"sports,seinen,comedy",1,1,9,3,3,20,3.89
The Golden Path,5,19,"sgdrama,family",1,1,0,0,2,2,3.8
The Journey Home,5,17,"adventure,comedy,sci-fi",2,2,0,0,0,3,3.4
Ixion Saga DT,103,388,"action,fantasy",20,20,5,8,16,54,3.77
Traveling Daru,14,65,"adventure,slice of life,comedy",0,0,1,0,2,11,4.64
Kimi ni Todoke - From Me To You,187,863,shojo,3,3,6,10,22,146,4.61
Leiji Matsumoto's OZMA,203,826,,9,9,11,28,64,91,4.07
From The New World,339,1579,"drama,sci-fi,supernatural,thriller,post-apocalyptic",7,7,8,11,42,271,4.66
GOD EATER,161,644,"action,sci-fi,post-apocalyptic",14,14,13,15,36,83,4.0
Digimon Universe App Monsters,9,42,"sci-fi,action",0,0,0,1,1,7,4.67
Rurouni Kenshin,100,480,"action,romance,shonen,adventure,historical",0,0,0,6,8,86,4.8
World Fool News,13,47,"comedy,slice of life",1,1,2,2,4,4,3.62
Yowamushi Pedal New Generation,23,103,"sports,shonen,action,drama",1,1,1,1,3,17,4.48
Koi Koi Seven,4,11,"comedy,romance,harem",0,0,3,0,0,1,2.75
Servant x Service,81,381,"slice of life,comedy,romance,seinen",0,0,1,4,13,63,4.7
Honey and Clover,7,33,"romance,drama,comedy,slice of life",0,0,0,1,0,6,4.71
Ghastly Prince Enma Burning Up,4,20,"action,comedy,supernatural",0,0,0,0,0,4,5.0
Dai-Guard,2,5,sci-fi,0,0,1,1,0,0,2.5
HANEBADO!,61,237,"sports,drama,seinen",3,3,7,10,15,26,3.89
Call to Cosplay,11,22,,6,6,1,2,2,0,2.0
BAKUMATSU,12,28,action,5,5,3,1,1,2,2.33
Biyou Shounen Celebrity,133,634,"jdrama,comedy",3,3,0,5,9,116,4.77
A Certain Scientific Accelerator,41,169,"sci-fi,action",2,2,4,3,10,22,4.12
When Supernatural Battles Became Commonplace,89,370,"comedy,action,supernatural,romance,slice of life,harem",6,6,1,15,18,49,4.16
Comet Lucifer,52,149,fantasy,7,7,18,12,5,10,2.87
Chance Pop Session,243,1140,drama,4,4,2,10,33,194,4.69
The Severing Crime Edge,46,195,"action,romance,seinen",0,0,2,9,11,24,4.24
Gatchaman Crowds,99,411,"action,sci-fi",5,5,7,13,17,57,4.15
Sakura Quest,61,281,,0,0,2,5,8,46,4.61
Rokka no Yuusha,417,1632,"action,adventure,thriller,fantasy,mystery",31,31,45,52,90,199,3.91
Blood Blockade Battlefront,83,383,"action,supernatural,sci-fi,drama",2,2,3,3,9,66,4.61
DRAGON COLLECTION,10,40,"fantasy,action,adventure",1,1,1,1,1,6,4.0
LUPIN THE 3rd PART 5,17,83,"action,adventure,seinen,mystery",0,0,0,0,2,15,4.88
Katana Maidens ~ Mini Toji,1,5,"action,comedy",0,0,0,0,0,1,5.0
HENNEKO – The Hentai Prince and the Stony Cat -,106,486,"drama,romance,supernatural",1,1,3,7,17,78,4.58
Why Did You Come to Japan?,10,50,,0,0,0,0,0,10,5.0
Dallos,6,20,"sci-fi,drama",1,1,1,0,3,1,3.33
Chain Chronicle - The Light of Haecceitas -,63,213,"adventure,fantasy,action",12,12,7,10,13,21,3.38
Lily C.A.T,5,18,sci-fi,1,1,0,1,1,2,3.6
Unriddle,5,20,"sgdrama,action,thriller",1,1,0,0,1,3,4.0
Accel World,5,25,sci-fi,0,0,0,0,0,5,5.0
Uta no Prince Sama,166,734,"music,romance,drama,harem",2,2,11,16,23,114,4.42
Butlers X Battlers,12,39,"action,supernatural",1,1,3,4,0,4,3.25
GLASSLIP,155,439,"drama,romance,slice of life",29,29,48,28,20,30,2.83
Kyousougiga,80,382,"fantasy,action,sci-fi,slice of life,supernatural",0,0,1,3,9,67,4.78
Restaurant to Another World,174,781,"seinen,fantasy,slice of life,drama,isekai",7,7,6,10,23,128,4.49
The Moment You Fall in Love,23,94,"romance,drama,slice of life",2,2,2,1,5,13,4.09
Fist of the North Star: The Movie,6,22,"action,adventure,shonen,sci-fi,post-apocalyptic",2,2,0,0,0,4,3.67
Cromartie High School,11,52,"comedy,shonen",0,0,0,1,1,9,4.73
Little Nemo: Adventures in Slumberland,28,131,"adventure,fantasy",0,0,1,1,4,22,4.68
FLCL,18,66,"comedy,action,drama,sci-fi,mecha",1,1,3,4,3,7,3.67
Orenchi no Furo Jijo,86,374,"comedy,fantasy,romance,slice of life,shojo",1,1,5,6,25,49,4.35
PEACE MAKER KUROGANE,2,6,"action,historical,adventure,shonen",1,1,0,0,0,1,3.0
Girls Beyond the Wasteland,5,23,"romance,slice of life",0,0,0,0,2,3,4.6
GJ CLUB,55,238,"comedy,slice of life,harem",1,1,1,10,10,33,4.33
5 Centímetros por Segundo,1518,7346,"romance,drama",18,18,7,27,97,1369,4.84
KADO: The Right Answer,104,400,"seinen,sci-fi,drama",7,7,15,14,19,49,3.85
Earl and Fairy,7,26,"adventure,drama,romance,historical,harem",1,1,0,2,1,3,3.71
Recorder and Randsell,392,1691,"comedy,slice of life",16,16,21,33,76,246,4.31
Osomatsu-kun,0,0,"comedy,slice of life,shonen",0,0,0,0,0,0,0.0
Lupin the Third Part 3,3,14,"action,adventure,seinen,mystery",0,0,0,0,1,2,4.67
Steins;Gate 0,81,375,"drama,sci-fi,thriller,post-apocalyptic,mystery",3,3,3,4,1,70,4.63
Phoenix Motion Magazine,21,81,,5,5,0,1,2,13,3.86
MEGALOBOX,242,1160,"sports,drama,sci-fi",3,3,2,8,16,213,4.79
My Bride is a Mermaid,19,91,,0,0,1,0,1,17,4.79
"You're Being Summoned, Azazel",8,34,"comedy,supernatural,fantasy",1,1,0,0,2,5,4.25
Conception,97,225,"fantasy,action,romance,sci-fi,drama,adventure",51,51,12,6,8,20,2.32
High School Prodigies Have It Easy Even In Another World,188,596,"isekai,fantasy,adventure,action",52,52,19,24,31,62,3.17
Zettai Boei Leviatan,29,102,"adventure,fantasy,slice of life,comedy,action",1,1,8,4,7,9,3.52
"Problem Children are Coming from Another World, aren't they?",165,759,"fantasy,action,comedy,isekai",1,1,3,15,23,123,4.6
"RErideD - Derrida, who leaps through time",38,113,"action,seinen,sci-fi,drama,post-apocalyptic",4,4,8,14,9,3,2.97
"Wake Up, Girls!",47,200,"drama,music,slice of life,idols",4,4,1,3,10,29,4.26
PES: Peace Eco Smile,11,33,,3,3,2,1,2,3,3.0
Ultraman Ginga,5,17,,1,1,0,2,0,2,3.4
Shinobi Girl: The Movie,2,4,,1,1,0,1,0,0,2.0
She and Her Cat -Everything Flows-,76,355,"drama,seinen,slice of life,fantasy",1,1,1,4,10,60,4.67
Mazinkaiser SKL,8,33,"shonen,adventure,action,sci-fi,mecha",0,0,1,1,2,4,4.12
Full Metal Panic!,26,124,"action,comedy,drama,sci-fi,mecha",0,0,0,1,4,21,4.77
VOICE OF FOX,19,78,"music,drama,slice of life",0,0,2,4,3,10,4.11
GoShogun,1,5,"action,sci-fi,mecha",0,0,0,0,0,1,5.0
Black Bullet,319,1310,"action,sci-fi,mystery,post-apocalyptic",17,17,19,41,78,164,4.11
Un-Go,491,2289,"mystery,sci-fi",5,5,7,21,83,375,4.66
Jingai-san no Yome,78,268,"romance,slice of life,comedy",12,12,16,9,8,33,3.44
Chaika –The Coffin Princess-,103,442,"action,adventure,fantasy,supernatural",1,1,3,14,32,53,4.29
Cheating Craft,28,84,"comedy,action",4,4,9,5,3,7,3.0
Katana Maidens ~ Toji No Miko,41,165,"action,supernatural,fantasy",0,0,5,7,11,18,4.02
The World is Still Beautiful,171,795,"fantasy,romance,adventure,shojo",3,3,4,9,18,137,4.65
Anime Academy,14,37,,8,8,0,0,1,5,2.64
Dr. STONE,513,2386,"action,sci-fi,adventure,shonen,post-apocalyptic,comedy,drama",15,15,11,29,28,430,4.65
Elemental Gelade,4,20,"fantasy,adventure,comedy,romance",0,0,0,0,0,4,5.0
Cardfight!! Vanguard G,14,48,"action,drama,comedy",3,3,1,3,1,6,3.43
Meiji Tokyo Renka,32,136,"supernatural,drama,historical,isekai",2,2,1,2,9,18,4.25
Cute High Earth Defense Club LOVE!,105,457,"comedy,slice of life",3,3,5,8,25,64,4.35
Silver Spoon,135,663,"comedy,slice of life,shonen,romance",0,0,0,1,10,124,4.91
Go Lion,92,428,"action,adventure,mecha,sci-fi",1,1,1,4,17,69,4.65
URAHARA,33,112,"comedy,adventure,action,slice of life,sci-fi",6,6,4,4,9,10,3.39
Tiger Mask W,15,70,"sports,shonen,action,drama",0,0,0,0,5,10,4.67
Group Watch,7,35,,0,0,0,0,0,7,5.0
Nobunaga the Fool,75,249,"action,sci-fi,mecha",12,12,13,10,19,21,3.32
Mahou Shoujo Nante Mouiidesukara,19,64,"fantasy,comedy",2,2,3,6,2,6,3.37
KOWABON,8,34,,0,0,0,2,2,4,4.25
Magical Girl Raising Project,143,515,"action,seinen,fantasy,drama",20,20,14,21,36,52,3.6
Ristorante Paradiso,846,3909,"romance,slice of life,drama",20,20,2,43,149,632,4.62
Desperate Motherhood,7,35,,0,0,0,0,0,7,5.0
ERASED,797,3871,"mystery,thriller,drama",8,8,6,7,50,726,4.86
Ultraman Geed,8,39,"action,sci-fi,fantasy,mecha",0,0,0,0,1,7,4.88
Street Fighter II The Animated Movie,5,24,action,0,0,0,0,1,4,4.8
Gunslinger Stratos THE ANIMATION,30,103,"action,sci-fi",3,3,6,5,7,9,3.43
AHO-GIRL,107,454,"comedy,slice of life",6,6,6,9,21,65,4.24
Soul Hunter,1,4,"shonen,action,adventure,fantasy,sci-fi",0,0,0,0,1,0,4.0
TO BE HERO,38,172,"comedy,action,supernatural,fantasy",1,1,0,2,10,25,4.53
TRINITY SEVEN,199,845,"action,supernatural,fantasy,romance,comedy,harem,shonen",9,9,10,22,40,118,4.25
Digimon Adventure tri.,188,812,"adventure,sci-fi,drama",10,10,13,13,23,129,4.32
Space Battleship Tiramisu,13,60,"comedy,sci-fi,slice of life,mecha,seinen",0,0,0,2,1,10,4.62
K: Seven Stories,0,0,,0,0,0,0,0,0,0.0
Mob Psycho 100,500,2408,"action,fantasy,comedy,supernatural",4,4,6,7,44,439,4.82
Majestic Prince,87,354,"sci-fi,action,mecha",5,5,6,11,21,44,4.07
Fan Service,35,146,,6,6,1,1,0,27,4.17
Orange,251,1142,"romance,drama,shojo,supernatural",7,7,6,14,39,185,4.55
Anime-Gataris,21,87,"comedy,slice of life",2,2,1,2,3,13,4.14
Convenience Store Boy Friends,46,163,"romance,slice of life",4,4,5,13,10,14,3.54
W'z,4,17,"action,adventure,supernatural",0,0,0,0,3,1,4.25
DAYS,56,242,"sports,drama",2,2,1,8,11,34,4.32
Vampire Knight,3,11,"shojo,supernatural",0,0,1,0,1,1,3.67
ReLIFE,464,2251,"seinen,drama,slice of life,romance",1,1,3,8,40,412,4.85
Toradora!,689,3321,"romance,comedy,drama,slice of life",5,5,5,12,65,602,4.82
One Piece,1139,5349,"action,adventure,shonen,fantasy",42,42,15,35,63,984,4.7
Martian Successor Nadesico,7,35,"comedy,sci-fi,mecha",0,0,0,0,0,7,5.0
Digimon Xros Wars - The Young Hunters Who Leapt Through Time,111,515,,1,1,4,5,14,87,4.64
Owarimonogatari,43,204,"comedy,supernatural,drama,action,harem,fantasy,thriller",1,1,1,1,2,38,4.74
SKET Dance,1364,6513,"comedy,slice of life,shonen",11,11,8,33,173,1139,4.77
Magic Kaito 1412,39,181,"adventure,romance,shonen",1,1,0,3,4,31,4.64
Fullmetal Alchemist: Brotherhood,318,1567,"action,adventure,fantasy,drama,shonen,thriller",1,1,0,2,15,300,4.93
School Babysitters,86,413,"comedy,slice of life,drama,shojo",1,1,1,2,6,76,4.8
Champion Joe 2,17,81,"sports,action,drama",0,0,1,0,1,15,4.76
Galaxy Express 999,363,1705,,12,12,2,9,38,302,4.7
A Town Where You Live,18,71,"drama,romance,shonen",1,1,2,3,3,9,3.94
Os Cavaleiros do Zodíaco - Saintia Sho,82,310,"action,fantasy,sci-fi,shonen",16,16,1,11,11,43,3.78
Strange+,30,105,"thriller,mystery,drama",5,5,4,3,7,11,3.5
Shin Koihime Musou - Otome Tairan,493,2352,action,2,2,6,17,53,415,4.77
Nyanbo!,12,49,"sci-fi,comedy",0,0,1,1,6,4,4.08
Space Pirate Mito,4,17,"action,comedy,sci-fi,adventure",0,0,0,1,1,2,4.25
Monster Hunter Stories Ride On,18,57,"fantasy,adventure",5,5,2,2,3,6,3.17
Tsuredure Children,131,604,"slice of life,comedy,romance,drama,shonen",1,1,2,4,33,91,4.61
THE [email protected] CINDERELLA GIRLS,5,22,"slice of life,music,idols",0,0,0,1,1,3,4.4
VIRTUALSAN - LOOKING,16,50,comedy,4,4,3,1,3,5,3.12
Yuuna and the Haunted Hot Springs,37,144,"comedy,supernatural,shonen,harem",3,3,2,7,9,16,3.89
Bokurano,23,96,"sci-fi,drama,mecha",2,2,2,1,3,15,4.17
NANBAKA,101,448,"comedy,slice of life",4,4,4,5,19,69,4.44
Road To Ninja -Naruto the Movie,1,5,shonen,0,0,0,0,0,1,5.0
Day Break Illusion,37,154,"magical girls,fantasy,action",3,3,1,4,8,21,4.16
Milpom,12,32,comedy,4,4,1,3,3,1,2.67
Steel Fisted Dragon,1,5,"action,martial arts",0,0,0,0,0,1,5.0
Love Tyrant,117,449,"fantasy,romance,comedy,supernatural,harem",11,11,11,17,25,53,3.84
Fate/stay night [Unlimited Blade Works],299,1349,"action,fantasy,supernatural,drama",11,11,9,19,37,223,4.51
The Tenth Prism (Motion Manga),2,8,"fantasy,adventure,action,drama",0,0,0,1,0,1,4.0
Haven’t You Heard? I’m Sakamoto,145,663,"comedy,slice of life,seinen",3,3,4,7,24,107,4.57
Akagi,40,187,"thriller,drama",1,1,0,2,5,32,4.68
Mangirl!,17,57,"comedy,shonen",0,0,2,8,6,1,3.35
Liar Game,23,105,,0,0,2,1,2,18,4.57
Ghost Stories,48,228,"comedy,supernatural",0,0,1,2,5,40,4.75
Ninja Nonsense,4,16,"comedy,slice of life,action",0,0,0,0,4,0,4.0
Z/X IGNITION,16,64,"fantasy,shonen,adventure,action",0,0,1,4,5,6,4.0
Charlotte,378,1706,"comedy,drama,romance",12,12,11,23,57,275,4.51
Sound! Euphonium,141,655,"romance,drama,music,slice of life",2,2,1,5,29,104,4.65
ClassicaLoid,11,43,"sci-fi,music,comedy",1,1,1,2,1,6,3.91
Nekomonogatari Black,6,26,"comedy,supernatural,drama,action,harem,fantasy,thriller",1,1,0,0,0,5,4.33
Squid Girl,1319,6223,"supernatural,comedy",10,10,11,43,213,1042,4.72
Inuyasha the Movie 2: The Castle Beyond the Looking Glass,0,0,"action,adventure,romance,fantasy",0,0,0,0,0,0,0.0
07 Ghost,1400,6688,fantasy,9,9,14,27,180,1170,4.78
Mobile Suit Gundam Wing,30,117,"mecha,sci-fi,action",1,1,4,5,7,13,3.9
Galilei Donna,32,109,"mystery,adventure,action,drama,sci-fi",1,1,6,11,7,7,3.41
Gonna Be the Twin-Tail!!,21,76,"action,comedy,romance,sci-fi",3,3,3,1,6,8,3.62
BLEND-S,144,652,"comedy,slice of life",1,1,2,18,22,101,4.53
BTOOOM!,191,839,"action,seinen,sci-fi,drama,mystery",6,6,4,16,48,117,4.39
Hakuoki Reimeiroku,37,160,,2,2,0,5,7,23,4.32
Hakuoki Season 1,34,142,,1,1,2,4,10,17,4.18
Isekai Cheat Magician,446,952,"fantasy,adventure,isekai",237,237,66,52,28,63,2.13
JOKER GAME,67,292,"seinen,action,drama,historical,thriller,mystery",1,1,2,6,21,37,4.36
The Comic Artist and His Assistants,76,329,"comedy,slice of life,seinen,harem",0,0,2,9,27,38,4.33
Wagamama High Spec,16,42,"comedy,slice of life",3,3,4,5,4,0,2.62
Undefeated Bahamut Chronicle,4,18,,0,0,0,0,2,2,4.5
UzaMaid!,46,176,"comedy,slice of life,seinen",5,5,5,4,11,21,3.83
Mobile Suit Gundam Wing - Endless Waltz,7,33,"mecha,action,sci-fi",0,0,0,1,0,6,4.71
Nazotokine,7,11,"sci-fi,comedy,drama,isekai",4,4,2,1,0,0,1.57
Durarara!!,4042,19606,,13,13,9,53,419,3548,4.85
Black Clover (Dublagens Internacionais),23,113,"action,fantasy,shonen,adventure,comedy",0,0,0,1,0,22,4.91
Natsume Yuujinchou 5,30,147,"supernatural,drama,adventure,slice of life",0,0,0,1,1,28,4.9
Yurikuma Arashi,14,66,"romance,drama,seinen,fantasy,comedy,supernatural",0,0,0,1,2,11,4.71
Full Metal Panic! The Second Raid,4,20,"action,drama,sci-fi,mecha",0,0,0,0,0,4,5.0
BORUTO: NARUTO NEXT GENERATIONS,892,2860,"fantasy,adventure,action,shonen",237,237,127,80,111,337,3.21
Natsume Yuujinchou 4,385,1891,"fantasy,slice of life,drama",1,1,1,2,23,358,4.91
Occultic;Nine,62,228,"supernatural,sci-fi,thriller",7,7,9,9,9,28,3.68
Your lie in April,1013,4909,"drama,romance,shonen,music",8,8,7,25,53,920,4.85
Yu-Gi-Oh! ZEXAL,16,64,"shonen,sci-fi,action,fantasy,supernatural",2,2,1,2,1,10,4.0
Ninja Girl & Samurai Master,15,70,"comedy,adventure,historical,action",0,0,0,0,5,10,4.67
Children of Ether,33,136,"action,seinen,adventure",2,2,2,3,9,17,4.12
Netsuzou Trap -NTR-,67,204,"romance,drama,slice of life,shojo",23,23,5,7,10,22,3.04
Momo Kyun Sword,32,106,"fantasy,action,adventure",5,5,4,6,10,7,3.31
Chio's School Road,34,163,"comedy,slice of life",0,0,0,2,3,29,4.79
Saekano -How to Raise a Boring Girlfriend-,119,513,"romance,comedy,drama,slice of life,harem",3,3,7,8,33,68,4.31
Thermae Romae,7,30,"comedy,slice of life,historical,seinen,isekai",0,0,1,0,2,4,4.29
"Actually, I Am",80,336,"comedy,romance,supernatural",3,3,4,10,20,43,4.2
The Perfect Insider (Drama),4,19,,0,0,0,0,1,3,4.75
Cosmo Warrior Zero,1,1,"sci-fi,action,adventure",1,1,0,0,0,0,1.0
Nobunaga Concerto,84,402,"comedy,romance,adventure,shonen,historical",1,1,1,1,9,72,4.79
Inu X Boku Secret Service,1473,6991,,11,11,13,55,181,1213,4.75
Mushi-Uta,679,3213,"fantasy,action,supernatural",10,10,6,26,72,565,4.73
Aachi & Ssipak,3,9,"action,comedy,sci-fi",1,1,0,0,2,0,3.0
Today's Menu for the Emiya Family,36,174,"slice of life,seinen",0,0,0,0,6,30,4.83
Yonna in the Solitary Fortress,245,939,"adventure,fantasy",27,27,11,50,45,112,3.83
Miracle Train,873,4014,romance,20,20,15,47,132,659,4.6
Wakakozake (Drama),27,127,food,1,1,0,0,4,22,4.7
A Sister's All You Need.,122,526,"drama,slice of life,comedy,romance,harem",10,10,2,5,28,77,4.31
La corda d’oro -Blue Sky-,30,97,"romance,supernatural,shojo,music,harem",4,4,9,3,4,10,3.23
The Legend of Black Heaven,4,17,"music,sci-fi,adventure,action",0,0,0,0,3,1,4.25
World Break: Aria of Curse for a Holy Swordsman,125,438,"romance,action,fantasy,harem,seinen",15,15,18,25,23,44,3.5
The Melody of Oblivion,241,1020,"romance,supernatural,mecha",17,17,8,20,53,143,4.23
Natsume Yuujinchou,5158,25208,"drama,fantasy,slice of life",24,24,7,58,349,4720,4.89
This Boy Suffers from Crystallization,12,38,"fantasy,romance,drama",1,1,3,4,1,3,3.17
Pastel Memories,7,19,"comedy,slice of life,sci-fi",2,2,2,1,0,2,2.71
HAIKYU!!,525,2608,"sports,slice of life,shonen",0,0,0,0,17,508,4.97
Wizard Barristers,55,182,"action,supernatural,fantasy,thriller",5,5,10,16,11,13,3.31
8 Man After,1,1,"action,sci-fi,shonen",1,1,0,0,0,0,1.0
B-PROJECT,27,88,"romance,idols",5,5,3,7,4,8,3.26
Twin Angels BREAK,8,29,"drama,action,supernatural,shonen,magical girls",1,1,0,2,3,2,3.62
Fullmetal Alchemist: The Conqueror of Shamballa,15,54,"action,adventure,fantasy,drama,shonen",3,3,1,1,4,6,3.6
Fruits Basket,161,790,"drama,shojo,comedy,slice of life,supernatural",0,0,0,3,9,149,4.91
Kuroko's Basketball,665,3207,sports,4,4,5,18,51,587,4.82
Dusk Maiden of Amnesia,378,1772,"mystery,romance,supernatural",1,1,3,21,63,290,4.69
Accel World: Infinite Burst,3,10,sci-fi,0,0,0,2,1,0,3.33
Anifile,45,132,,21,21,0,1,7,16,2.93
Soul Buster,26,69,"action,adventure,fantasy,historical",7,7,7,5,2,5,2.65
"Kizuna AI 1st Live ""hello, world""",2,8,,0,0,0,1,0,1,4.0
Grimms Notes the Animation,29,72,"action,adventure,fantasy",12,12,3,7,2,5,2.48
Hagane Orchestra,5,22,"adventure,comedy",0,0,0,0,3,2,4.4
BAKUON!!,25,109,"comedy,slice of life",0,0,0,5,6,14,4.36
SPACE PATROL LULUCO,75,345,"comedy,action,sci-fi,fantasy,romance",0,0,1,4,19,51,4.6
100% Teacher Pascal,4,13,"comedy,slice of life",1,1,0,1,1,1,3.25
TSUKIPRO THE ANIMATION,8,30,"music,idols,slice of life",0,0,1,1,5,1,3.75
NAMUAMIDABUTSU! -UTENA-,5,15,"fantasy,adventure",1,1,1,1,1,1,3.0
KILL la KILL,682,3139,"action,adventure,shonen,comedy,sci-fi,drama,post-apocalyptic,mecha",17,17,23,21,92,529,4.6
Dancouga: Super Beast Machine God,2,8,"sci-fi,action,mecha",0,0,0,1,0,1,4.0
Ascendance of a Bookworm,117,553,"isekai,fantasy,adventure",2,2,3,3,9,100,4.73
GTO,34,157,comedy,1,1,1,1,4,27,4.62
Phi Brain,131,581,,4,4,5,11,21,90,4.44
GTO - The Animation,89,437,"comedy,drama,shonen,slice of life",1,1,0,1,2,85,4.91
Dagashi Kashi,30,126,"comedy,romance,slice of life",1,1,2,1,12,14,4.2
Naruto the Movie: Guardians of the Crescent Moon Kingdom,1,5,shonen,0,0,0,0,0,1,5.0
Showa Genroku Rakugo Shinju,106,520,"drama,historical,romance",0,0,0,2,6,98,4.91
A Dark Rabbit has Seven Lives,1130,5224,,24,24,25,49,157,875,4.62
Princess Knight,4,12,"shojo,adventure,action,drama,romance",1,1,1,0,1,1,3.0
Seton Academy: Join the Pack!,41,175,comedy,2,2,4,0,10,25,4.27
Lady Death,222,840,"supernatural,action",23,23,17,34,59,89,3.78
Saki,2367,11134,"sports,slice of life",29,29,19,80,368,1871,4.7
Death Note (Drama),90,379,,7,7,2,5,27,49,4.21
Ai-Mai-Mi Mousou Catastrophe,8,31,"comedy,slice of life",1,1,0,1,3,3,3.88
Galileo,9,43,,0,0,0,0,2,7,4.78
Gasaraki,2,5,"drama,sci-fi,supernatural,mecha",0,0,1,1,0,0,2.5
Cat's Eye,3,12,"action,romance,comedy,mystery",0,0,1,0,0,2,4.0
Web Ghosts PiPoPa,301,1383,"action,adventure,comedy,fantasy,supernatural",15,15,4,9,32,241,4.59
My Little Monster,524,2372,"romance,comedy,shojo",6,6,9,42,113,354,4.53
Crunchyroll Convention Highlights,0,0,,0,0,0,0,0,0,0.0
KAGUYA-SAMA: LOVE IS WAR,201,971,"comedy,romance,seinen",2,2,2,3,14,180,4.83
Switch Girl!!,24,99,comedy,2,2,2,0,7,13,4.12
Lostorage incited WIXOSS,20,66,"drama,thriller,sci-fi",2,2,6,2,4,6,3.3
Os Cavaleiros do Zodíaco - Alma de Ouro,59,246,"action,adventure,fantasy,shonen,drama",4,4,5,3,12,35,4.17
Hunter x Hunter,2240,10853,,21,21,13,51,122,2033,4.85
DARLING in the FRANXX,944,4098,"mecha,sci-fi,romance,action,drama",52,52,49,83,101,659,4.34
STRIKE THE BLOOD,241,943,"supernatural,action,fantasy,harem",13,13,23,46,49,110,3.91
makuranodanshi,59,194,,7,7,12,12,13,15,3.29
Angel Heart,8,39,action,0,0,0,0,1,7,4.88
BROTHERHOOD FINAL FANTASY XV,32,156,"action,fantasy,drama",0,0,0,1,2,29,4.88
Black Butler: Book of Circus,44,213,"action,supernatural,comedy,mystery",1,1,0,0,3,40,4.84
Da Capo III,10,43,"drama,romance,harem,comedy",0,0,0,2,3,5,4.3
Super Gals!,4,20,"comedy,shojo,slice of life",0,0,0,0,0,4,5.0
White Album 2,109,469,"music,slice of life,drama,romance,harem,idols",4,4,5,11,23,66,4.3
Iida Tokimeki Trip,2,8,,0,0,0,1,0,1,4.0
The Familiar of Zero,31,143,"comedy,fantasy,harem,seinen",0,0,1,1,7,22,4.61
Saki Episode of Side A,98,439,"sports,slice of life",1,1,3,10,18,66,4.48
Deltora Quest,13,58,"fantasy,adventure",1,1,0,0,3,9,4.46
Dororo Motion Magazine,22,102,"action,supernatural,adventure",1,1,0,0,4,17,4.64
I Can't Understand What My Husband Is Saying,180,837,"comedy,romance,slice of life,seinen",2,2,1,8,36,133,4.65
Cardfight!! Vanguard Link Joker (Season 3),14,60,action,1,1,1,1,1,10,4.29
given,147,714,"drama,romance,music",2,2,1,2,6,136,4.86
My Teen Romantic Comedy SNAFU,299,1389,"slice of life,drama,romance,comedy",4,4,4,15,48,228,4.65
Wooser’s Hand-to-Mouth Life: Phantasmagoric Arc,1,4,"comedy,slice of life",0,0,0,0,1,0,4.0
Do You Love Your Mom and Her Two-Hit Multi-Target Attacks?,186,529,,70,70,20,21,19,56,2.84
Monthly Girls' Nozaki-kun,258,1238,"comedy,romance",0,0,6,6,22,224,4.8
Cells at Work!,172,819,comedy,2,2,2,4,19,145,4.76
Onara Goro,17,62,"comedy,slice of life",1,1,4,2,3,7,3.65
Tokyo ESP,21,60,"action,comedy",4,4,5,4,6,2,2.86
Night on the Galactic Railroad,2,9,"fantasy,drama,adventure,mystery",0,0,0,0,1,1,4.5
Upotte!!,228,945,"seinen,comedy",17,17,8,28,47,128,4.14
Action Heroine Cheer Fruits,2,7,"comedy,slice of life,seinen",0,0,1,0,0,1,3.5
Cinderella Nine,12,51,"sports,slice of life,drama",0,0,1,3,0,8,4.25
GIRLS und PANZER,157,707,"action,sports,slice of life",5,5,4,5,36,107,4.5
SENGOKUCHOJYUGIGA,6,25,"fantasy,slice of life,comedy,historical,supernatural",1,1,0,0,1,4,4.17
BBK/BRNK,57,178,"action,sci-fi,drama,mecha",9,9,15,8,10,15,3.12
BLACKFOX,85,322,"action,sci-fi",6,6,10,15,19,35,3.79
"How clumsy you are, Miss Ueno.",34,148,"comedy,romance,seinen",0,0,2,3,10,19,4.35
Slam Dunk,2351,11039,"comedy,slice of life,sports",96,96,14,73,144,2024,4.7
Miss Bernard said.,12,53,"comedy,slice of life",0,0,0,2,3,7,4.42
Rowdy Sumo Wrestler Matsutaro,20,76,"sports,action,shonen,comedy",2,2,3,1,5,9,3.8
Ghostwriter,8,40,,0,0,0,0,0,8,5.0
Strike Witches: 501st JOINT FIGHTER WING Take Off!,5,20,"comedy,slice of life",1,1,0,0,1,3,4.0
Girl Friend BETA,13,48,"slice of life,romance",0,0,2,3,5,3,3.69
Gakuen Heaven,7,34,"comedy,romance,slice of life,drama,harem",0,0,0,0,1,6,4.86
High School Fleet,47,198,"action,sci-fi",1,1,3,7,10,26,4.21
HEROMAN,891,4053,mecha,18,18,9,58,187,619,4.55
Magical Warfare,162,441,"action,fantasy",46,46,35,28,24,29,2.72
Kamisama Dolls,705,3230,"seinen,supernatural,action,drama",6,6,7,39,172,481,4.58
Astro Boy Motion Magazine,22,82,,4,4,0,5,2,11,3.73
Seitokai No Ichizon - Student Councils Discretion,514,2442,"comedy,harem,slice of life",3,3,3,17,73,418,4.75
The Asterisk War,312,1135,"action,sci-fi,adventure,fantasy,harem",52,52,20,46,65,129,3.64
THE [email protected] SideM  Wakeatte Mini!,2,6,"music,idols,slice of life",1,1,0,0,0,1,3.0
Tonkatsu DJ Agetaro,21,97,"comedy,music,shonen,slice of life",0,0,0,2,4,15,4.62
Love Stage!!,207,978,"romance,slice of life",4,4,3,3,26,171,4.72
Magical Sempai,80,340,comedy,7,7,2,6,14,51,4.25
Giant Gorg,3,13,"action,sci-fi,mecha",0,0,0,0,2,1,4.33
OZMAFIA!!,14,42,"romance,fantasy,comedy,slice of life",3,3,3,2,3,3,3.0
Cerberus,67,156,"action,fantasy,adventure",21,21,26,8,1,11,2.33
THE [email protected] CINDERELLA GIRLS Theater,8,30,"comedy,slice of life,music,idols",2,2,0,1,0,5,3.75
Meow Meow Japanese History,5,25,"comedy,historical",0,0,0,0,0,5,5.0
Arpeggio of Blue Steel,165,733,"action,seinen,sci-fi,adventure,drama",1,1,7,17,33,107,4.44
Sailor Moon Crystal,457,2034,"shojo,action,romance,magical girls",15,15,27,31,48,336,4.45
Yuri!!! on ICE,671,3240,"sports,drama",10,10,4,11,41,605,4.83
School Days,3485,14391,"drama,harem,romance",372,372,120,271,644,2078,4.13
Banpresto World Figure Colosseum,2,10,sports,0,0,0,0,0,2,5.0
Peeping Life TV Season 1??,14,49,comedy,4,4,0,0,5,5,3.5
Onyankopon,3,5,,2,2,0,1,0,0,1.67
citrus,319,1354,"romance,drama",19,19,20,24,57,199,4.24
The 101st Proposal,4,16,,0,0,1,0,1,2,4.0
GeGeGe no Kitaro,36,160,"action,adventure,fantasy,supernatural,comedy,shonen",2,2,2,0,6,26,4.44
Kite Liberator,217,945,action,15,15,2,15,44,141,4.35
Matoi the Sacred Slayer,5,23,supernatural,0,0,0,0,2,3,4.6
A Taste of Honey,10,33,,3,3,1,0,2,4,3.3
Gabriel DropOut,100,431,"comedy,slice of life,supernatural,shonen",3,3,5,12,18,62,4.31
JoJo's Bizarre Adventure,1065,5188,,9,9,6,16,51,983,4.87
Akagi (Drama),11,47,,0,0,2,0,2,7,4.27
Monster Strike,29,75,"fantasy,action",13,13,3,2,5,6,2.59
KanColle,71,284,"action,sci-fi",5,5,5,11,14,36,4.0
Active Raid,52,141,"action,mecha,sci-fi",16,16,9,5,18,4,2.71
Hikaru no Go,12,58,"sports,fantasy",0,0,0,0,2,10,4.83
Peeping Life,121,480,"comedy,slice of life",14,14,8,7,31,61,3.97
BIG ORDER,102,248,"action,thriller,drama,mystery,post-apocalyptic",41,41,14,23,10,14,2.43
RADIANT,162,610,"shonen,action,adventure,fantasy",19,19,15,24,31,73,3.77
Junji Ito Collection,61,222,"drama,fantasy,comedy,thriller,supernatural,mystery",8,8,4,12,15,22,3.64
Touken Ranbu - Hanamaru,14,56,"comedy,action,slice of life,drama,historical,fantasy",0,0,3,2,1,8,4.0
Sekko Boys,20,73,"comedy,music,slice of life,idols",2,2,1,4,8,5,3.65
Dimension High School,9,30,"adventure,mystery",2,2,0,2,3,2,3.33
Arata the Legend,52,176,"action,adventure,fantasy,romance,isekai",6,6,9,11,11,15,3.38
MIX,13,63,"shonen,sports",0,0,0,0,2,11,4.85
Love To-LIE-Angle,32,106,"romance,comedy",5,5,3,9,7,8,3.31
Muhyo & Roji's Bureau of Supernatural Investigation,18,73,"supernatural,mystery",1,1,1,2,6,8,4.06
AMAZING STRANGER,15,56,"comedy,romance",3,3,0,1,5,6,3.73
Dances with the Dragons,33,89,"fantasy,action",9,9,6,6,10,2,2.7
Shingu: Secret of the Stellar Wars,5,23,"action,sci-fi",0,0,0,1,0,4,4.6
sweetness & lightning,121,569,"seinen,slice of life,comedy,drama",2,2,1,3,19,96,4.7
Keep Your Hands Off Eizouken!,85,398,"comedy,adventure,slice of life,drama",2,2,3,3,4,73,4.68
KONOSUBA -God's blessing on this wonderful world!,516,2402,"adventure,comedy,fantasy,supernatural,isekai",9,9,13,21,61,412,4.66
LiSA TV,4,20,music,0,0,0,0,0,4,5.0
HINAMATSURI,146,700,"slice of life,comedy,supernatural,drama",1,1,3,3,11,128,4.79
Pita-Ten,2,8,"comedy,romance,fantasy,slice of life,supernatural",0,0,0,1,0,1,4.0
Twin Star Exorcists,317,1229,"action,fantasy,adventure,supernatural,romance,shonen",22,22,39,49,53,154,3.88
Tonari no Seki-kun: The Master of Killing Time,143,672,"comedy,slice of life,romance,seinen",1,1,0,7,25,110,4.7
Days of Urashimasakatasen,3,9,comedy,1,1,0,1,0,1,3.0
DearS,19,69,"comedy,sci-fi,romance,harem",1,1,3,4,5,6,3.63
LUPIN THE 3rd PART4,18,88,"action,adventure,seinen,mystery",0,0,0,0,2,16,4.89
Flying Witch,139,652,"supernatural,slice of life,fantasy,comedy,shonen",2,2,3,4,18,112,4.69
NATSU NO ARASHI !,690,3076,"romance,supernatural,comedy",30,30,5,46,147,462,4.46
Star Driver,373,1718,action,8,8,7,21,52,285,4.61
ARIA The ANIMATION,22,107,"sci-fi,slice of life",0,0,0,1,1,20,4.86
Gugure! Kokkuri-san,58,264,"comedy,slice of life,supernatural",0,0,2,3,14,39,4.55
Libra of Nil Admirari,18,71,"romance,historical",0,0,2,3,7,6,3.94
Samurai Flamenco,105,400,"action,sci-fi,supernatural,comedy",12,12,10,13,21,49,3.81
Love is Like a Cocktail,87,358,"romance,slice of life,seinen,comedy",4,4,3,10,32,38,4.11
GAMERS!,256,982,"comedy,romance,slice of life",17,17,33,42,47,117,3.84
Nagi no Asukara (Nagi-Asu: A Lull in the Sea),259,1222,"fantasy,slice of life,drama,romance",3,3,2,12,31,211,4.72
Japanese Anime Classic Collection,49,194,drama,8,8,1,5,6,29,3.96
WATATEN!: an Angel Flew Down to Me,37,170,"slice of life,comedy",0,0,1,3,6,27,4.59
WorldEnd: What do you do at the end of the world? Are you busy? Will you save us,155,719,"fantasy,drama,seinen,sci-fi,romance",2,2,4,7,22,120,4.64
You Don't Know Gunma Yet,14,44,"comedy,slice of life,thriller",4,4,1,0,7,2,3.14
Wish Upon the Pleiades,30,109,"fantasy,action,drama,sci-fi,magical girls",3,3,3,4,12,8,3.63
Kotoura-san,182,834,"comedy,drama,romance,supernatural",1,1,5,13,31,132,4.58
Hourou Musuko Wandering Son,668,3176,"drama,slice of life,romance",8,8,2,20,86,552,4.75
The Garden of Sinners,41,189,"action,thriller,drama,seinen,supernatural",2,2,0,2,4,33,4.61
Tabimachi Lateshow,13,59,"seinen,drama,slice of life",0,0,0,1,4,8,4.54
Captain Harlock: Arcadia of my Youth - Endless Orbit SSX,0,0,"sci-fi,adventure,drama,action",0,0,0,0,0,0,0.0
DREAM FESTIVAL!,12,44,"drama,music,idols",2,2,1,2,1,6,3.67
Schoolgirl Strikers,20,50,"action,sci-fi,supernatural,magical girls",4,4,8,5,0,3,2.5
NEW GAME!,174,783,"comedy,slice of life",2,2,7,9,40,116,4.5
Star Blazers: Space Battleship Yamato,33,155,,1,1,0,1,4,27,4.7
Nagasarete Airanto,7,30,"romance,harem",1,1,0,0,1,5,4.29
Locodol,25,110,"music,slice of life,comedy,seinen",0,0,1,1,10,13,4.4
ROOM CAMP,11,47,"slice of life,comedy",0,0,2,0,2,7,4.27
El-Hazard: The Wanderers,6,19,"adventure,comedy,isekai",1,1,1,2,0,2,3.17
Hard To Say I Love You,10,47,,0,0,0,1,1,8,4.7
"Ceres, Celestial Legend",12,46,"drama,supernatural,romance",0,0,2,3,2,5,3.83
Female Convict Scorpion,2,6,"action,martial arts",0,0,0,2,0,0,3.0
Umi Monogatari,2,5,"comedy,drama,fantasy,magical girls",0,0,1,1,0,0,2.5
The Laughing Salesman,24,92,"seinen,thriller,supernatural,mystery",4,4,1,2,5,12,3.83
Encouragement Of Climb,25,110,"slice of life,sports,comedy",0,0,2,1,7,15,4.4
VS Knight Lamune & 40 Fire,1,5,"fantasy,action,comedy",0,0,0,0,0,1,5.0
Japa Con Presents: Agent HaZAP,2,6,music,1,1,0,0,0,1,3.0
The File of Young Kindaichi Returns,29,113,"adventure,thriller,shonen,mystery,supernatural",1,1,2,7,8,11,3.9
Himegoto,61,219,"comedy,slice of life,harem",10,10,3,12,13,23,3.59
World Conquest Zvezda Plot,70,295,"action,adventure,fantasy,shonen,comedy,sci-fi",1,1,6,7,19,37,4.21
Food Wars! Shokugeki no Soma,884,4214,"action,comedy,shonen",10,10,16,17,84,757,4.77
Ringing Bell,2,8,"adventure,drama,fantasy",0,0,0,1,0,1,4.0
Unlimited Fafnir,48,161,"action,fantasy,harem,supernatural,seinen",5,5,6,16,9,12,3.35
11eyes,2137,9790,"harem,seinen",43,43,42,111,375,1566,4.58
ARGEVOLLEN,69,224,"mecha,action,sci-fi",8,8,11,21,14,15,3.25
Hackadoll THE ANIMATION,16,62,comedy,1,1,1,2,7,5,3.88
R.O.D.,24,111,"action,sci-fi,comedy,drama",0,0,2,1,1,20,4.62
Outbreak Company,77,340,"comedy,fantasy,action,romance,adventure,harem,isekai",0,0,5,6,18,48,4.42
Basilisk : The Ouka Ninja Scrolls,48,104,"seinen,fantasy,action,drama,romance,historical",25,25,7,5,5,6,2.17
Key the Metal Idol,5,18,"drama,sci-fi,mecha,idols",1,1,1,0,0,3,3.6
Rascal Does Not Dream of Bunny Girl Senpai,475,2316,"romance,comedy,supernatural,slice of life",3,3,3,6,26,437,4.88
HEYBOT!,14,40,"comedy,sci-fi",4,4,3,2,1,4,2.86
Angels of Death,168,655,mystery,17,17,16,21,27,87,3.9
Gokudo,5,24,"adventure,comedy,fantasy",0,0,0,0,1,4,4.8
GTO Taiwan,8,30,comedy,0,0,0,4,2,2,3.75
Ao-chan Can't Study!,52,237,"comedy,romance",0,0,0,4,15,33,4.56
ISUCA,58,171,"action,comedy,romance,supernatural",9,9,17,11,10,11,2.95
My Mental Choices are Completely Interfering with my School Romantic Comedy,178,778,"comedy,slice of life,romance,harem",3,3,6,19,44,106,4.37
Asobi Asobase - workshop of fun -,120,577,"comedy,slice of life",3,3,1,1,6,109,4.81
The Quintessential Quintuplets,157,716,"comedy,romance,harem,slice of life",1,1,6,8,31,111,4.56
Divine Gate,1,4,"drama,romance,mystery",0,0,0,0,1,0,4.0
Yu-Gi-Oh! 5D's,28,132,"shonen,sci-fi,action,fantasy,supernatural",0,0,0,1,6,21,4.71
Knuspercast,1,5,,0,0,0,0,0,1,5.0
Sailor Moon R: The Movie,1,5,shojo,0,0,0,0,0,1,5.0
"Love, Chunibyo & Other Delusions - Heart Throb -",89,404,"slice of life,comedy,drama,romance",1,1,2,9,13,64,4.54
SD GUNDAM WORLD SANGOKU SOKETSUDEN,6,15,"action,mecha,shonen,adventure",3,3,0,1,1,1,2.5
Overlord,546,2527,"action,fantasy,isekai,adventure,supernatural",23,23,14,17,35,457,4.63
Investor Z (Motion Manga),3,14,"drama,seinen",0,0,0,0,1,2,4.67
Linebarrels of Iron,3026,13850,,145,145,25,130,365,2361,4.58
Dies irae,69,191,"historical,fantasy,action",21,21,17,6,7,18,2.77
Campione!,139,607,"harem,romance,fantasy",5,5,6,16,18,94,4.37
Fate/Grand Order ‐First Order‐,33,117,"action,fantasy,supernatural",5,5,2,5,12,9,3.55
ANISAVA,10,40,"comedy,slice of life",1,1,0,1,4,4,4.0
Fafner Exodus,33,138,"mecha,action,sci-fi,adventure",4,4,1,1,6,21,4.18
Noblesse: Awakening,105,486,"action,supernatural,thriller",1,1,5,4,12,83,4.63
Kanojo ga Flag wo Oraretara (If Her Flag Breaks),51,175,"comedy,harem,romance,slice of life",4,4,8,14,12,13,3.43
Tono to Issho,213,906,"comedy,historical",17,17,5,15,46,130,4.25
Welcome to the JAPARI PARK,7,25,,2,2,0,0,2,3,3.57
Sword Art Online,3459,15229,fantasy,164,164,153,283,385,2474,4.4
Blade Runner Black Out 2022,23,103,"sci-fi,action",2,2,0,0,4,17,4.48
Fantasista Doll,22,80,"fantasy,action,comedy,sci-fi,magical girls",2,2,4,4,2,10,3.64
Last Period: the journey to the end of the despair,20,63,"action,adventure,comedy,fantasy",5,5,3,2,4,6,3.15
Shamanic Princess,9,33,"action,drama,romance,fantasy,magical girls",0,0,2,2,2,3,3.67
Always the Two of Us,9,40,,0,0,0,1,3,5,4.44
Chi's Sweet Home - Chi's New Address,2467,11947,slice of life,30,30,8,31,182,2216,4.84
Lord Marksman and Vanadis,47,192,"action,adventure,fantasy,romance,harem,historical",3,3,3,6,10,25,4.09
Nogizaka Haruka no Himitsu - Purezza -,966,4596,"romance,comedy,slice of life",10,10,6,22,132,796,4.76
Wacky TV Nanana,6,26,comedy,0,0,0,2,0,4,4.33
FINAL FANTASY XV: EPISODE ARDYN – PROLOGUE,8,28,"action,adventure,drama,fantasy",1,1,1,2,1,3,3.5
Kabaneri of the Iron Fortress,48,198,"action,supernatural,post-apocalyptic,thriller",3,3,1,6,15,23,4.12
ORESUKI Are you the only one who loves me?,141,660,romance,3,3,2,6,15,115,4.68
The Case Files of Jeweler Richard,16,76,"drama,slice of life,seinen",0,0,0,1,2,13,4.75
Anne-Happy,34,140,"comedy,slice of life",0,0,4,3,12,15,4.12
Love Rice,13,45,"comedy,slice of life",1,1,3,3,1,5,3.46
The Tower of DRUAGA -the Sword of URUK-,1644,7745,"adventure,comedy,fantasy",31,31,9,59,206,1339,4.71
Fist of the Blue Sky: Regenesis,29,79,"action,adventure,shonen",10,10,5,4,3,7,2.72
Engaged to the Unidentified,72,315,"comedy,romance,slice of life",0,0,4,8,17,43,4.38
Magia Record: Puella Magi Madoka Magica Side Story,11,50,fantasy,0,0,0,2,1,8,4.55
Inukami!,5,24,"action,comedy,romance,supernatural",0,0,0,0,1,4,4.8
Utawarerumono The False Faces,66,225,"fantasy,adventure,sci-fi,supernatural",5,5,14,16,11,20,3.41
MONSTER MUSUME EVERYDAY LIFE WITH MONSTER GIRLS,289,1268,"fantasy,comedy,harem",17,17,9,18,46,199,4.39
Spiritpact,107,401,"action,supernatural,adventure,drama,seinen",20,20,6,10,16,55,3.75
Teekyu,43,184,"sports,comedy,slice of life,shonen",2,2,3,3,8,27,4.28
THE UNLIMITED Hyobu Kyosuke,72,341,"supernatural,action,adventure,sci-fi",0,0,0,4,11,57,4.74
Anime Recap,7,25,,1,1,2,0,0,4,3.57
Lord El-Melloi II's Case Files {Rail Zeppelin} Grace note,33,151,"fantasy,supernatural,mystery",1,1,0,1,8,23,4.58
Magic of Stella,2,10,"slice of life,comedy",0,0,0,0,0,2,5.0
Senyu.,78,339,"comedy,fantasy,action,shonen",4,4,2,6,17,49,4.35
Nisemonogatari,540,2523,"comedy,mystery,seinen,supernatural,drama,action,harem,fantasy",15,15,9,19,52,445,4.67
Ordinary Miracles,9,39,,1,1,0,1,0,7,4.33
Tenjho Tenge,13,35,"action,seinen,supernatural",4,4,3,0,5,1,2.69
Kamen no Maid Guy,1,5,"comedy,action",0,0,0,0,0,1,5.0
Chitose Get You!,41,174,"comedy,slice of life",3,3,2,1,11,24,4.24
Gurren Lagann,325,1577,"action,comedy,sci-fi,mecha,post-apocalyptic",3,3,2,6,18,296,4.85
Bladedance of Elementalers,99,359,"fantasy,action,comedy,romance,harem",17,17,9,10,21,42,3.63
Cardcaptor Sakura: The Movie,3,11,"adventure,comedy,shojo,magical girls",0,0,0,1,2,0,3.67
The Royal Tutor,74,337,"historical,comedy,slice of life,shonen",0,0,1,7,16,50,4.55
King's Game,233,476,"drama,thriller,supernatural,mystery",133,133,33,18,22,27,2.04
Galaxy High School,49,158,sci-fi,15,15,5,3,6,20,3.22
KAIJU GIRLS,7,32,"comedy,fantasy,sci-fi",0,0,0,1,1,5,4.57
Asura Cryin',1406,6652,"action,fantasy,harem,mecha",10,10,14,53,190,1139,4.73
One Week Friends,89,416,"romance,drama,slice of life",1,1,0,6,13,69,4.67
Fire Force,200,836,"action,shonen,supernatural",19,19,13,17,15,136,4.18
Dragon Ball Super,479,2029,"action,sci-fi,shonen,fantasy",40,40,28,32,58,321,4.24
Hamatora,93,388,"mystery,action,comedy,drama,supernatural",2,2,7,15,18,51,4.17
Plastic Memories,363,1679,"drama,sci-fi,romance",7,7,7,25,37,287,4.63
Shining Tears X Wind,8,21,"action,adventure,fantasy",2,2,2,2,1,1,2.62
Naruto Shippuuden,48518,233346,,1111,1111,275,817,2341,43974,4.81
Log Horizon,576,2619,"action,fantasy,adventure,drama,sci-fi",12,12,13,35,104,412,4.55
Ultra Maniac,2,7,"shojo,romance,comedy,magical girls",0,0,0,1,1,0,3.5
Mizu no Kotoba,349,1637,drama,4,4,2,12,62,269,4.69
Yotsuiro Biyori,31,152,"slice of life,comedy",0,0,0,0,3,28,4.9
Ai-Mai-Mi Surgical Friends,7,27,"comedy,slice of life",1,1,0,2,0,4,3.86
Case Closed,97,477,"adventure,drama,thriller,mystery",0,0,0,0,8,89,4.92
KONOHANA KITAN,54,246,"slice of life,comedy,fantasy,seinen",1,1,3,2,7,41,4.56
You Taught Me All the Precious Things,8,36,,0,0,0,1,2,5,4.5
Break Ups,49,200,"drama,romance,slice of life",3,3,2,5,17,22,4.08
Karate Girl,7,31,"action,martial arts,thriller",0,0,0,1,2,4,4.43
Ace of the Diamond,195,902,"sports,slice of life,shonen",3,3,7,8,24,153,4.63
Street Fighter II: The Animated Series,6,17,action,1,1,2,1,1,1,2.83
Big Windup! 2,7,33,"sports,drama",0,0,0,1,0,6,4.71
SAIYUKI RELOAD BLAST,29,131,"action,adventure,fantasy,supernatural,drama",0,0,3,1,3,22,4.52
In Another World With My Smartphone,499,1727,"action,adventure",94,94,64,55,90,196,3.46
Lychee Light Club,23,79,"comedy,drama,romance",3,3,2,7,4,7,3.43
The Prince of Tennis II,414,1952,sports,5,5,8,16,42,343,4.71
"If It's for My Daughter, I'd Even Defeat a Demon Lord",133,536,"fantasy,slice of life",18,18,6,8,23,78,4.03
True Cooking Master Boy,27,95,shonen,5,5,3,4,3,12,3.52
Shiratori Reiko,8,27,,1,1,1,2,2,2,3.38
Broken Blade,74,340,"shonen,adventure,action,fantasy,sci-fi,drama,mecha",0,0,3,6,9,56,4.59
H2O: Footprints in the Sand,1889,9017,"drama,romance,slice of life",27,27,15,49,177,1621,4.77
HIMOTE HOUSE: A share house of super psychic girls,18,48,comedy,8,8,0,2,6,2,2.67
Fushigi Yugi: Eikoden,5,16,"adventure,fantasy,romance,drama,shojo,isekai",1,1,1,1,0,2,3.2
22/7 (nanabun no nijyuuni),3,14,,0,0,0,0,1,2,4.67
Super Robot Wars: Original Generation,3,10,"action,sci-fi,adventure,mecha",0,0,1,0,2,0,3.33
Bakemonogatari,135,599,"mystery,seinen,supernatural,comedy,drama,action,harem",8,8,2,9,20,96,4.44
Angolmois: Record of Mongol Invasion,36,166,"historical,action",0,0,1,2,7,26,4.61
